n_nums,buffersize,runtime
50,100,3.815332
150,100,1.060076
250,100,1.847351
350,100,2.798169
450,100,3.439460
550,100,4.427828
650,100,5.178304
750,100,5.931213
850,100,6.902843
950,100,8.115627
1050,100,1.198358
1150,100,1.465618
1250,100,1.696360
1350,100,1.862524
1450,100,1.945251
1550,100,2.196266
1650,100,2.262258
1750,100,2.765012
1850,100,3.025748
1950,100,3.266030
2050,100,3.669216
2150,100,3.717450
2250,100,3.824980
2350,100,4.225644
2450,100,4.173631
2550,100,4.447266
2650,100,5.085654
2750,100,5.832517
2850,100,4.973802
2950,100,5.734249
3050,100,6.481301
3150,100,5.961702
3250,100,6.877898
3350,100,6.824709
3450,100,6.413390
3550,100,7.536367
3650,100,6.936894
3750,100,7.523577
3850,100,9.065524
3950,100,8.602007
4050,100,8.775643
4150,100,9.316277
4250,100,9.174751
4350,100,8.166019
4450,100,1.018640
4550,100,1.036696
4650,100,1.087230
4750,100,9.912998
4850,100,1.098121
4950,100,1.141788
5050,100,1.108716
5150,100,1.305439
5250,100,1.469587
5350,100,1.148263
5450,100,1.210051
5550,100,1.174946
5750,100,1.517520
5850,100,1.438000
5950,100,1.375393
6050,100,1.446576
6150,100,1.548358
6250,100,1.593488
6350,100,1.696905
6450,100,1.456207
6550,100,1.670277
6650,100,1.579984
6750,100,1.582298
6850,100,1.574580
6950,100,2.079244
7050,100,1.914730
7150,100,2.426721
7350,100,2.132488
7450,100,2.214684
7550,100,1.840595
7650,100,2.328595
1,10,6.264230
1,10,5.962020
1,10,6.089330
1,10,6.435630
1,10,6.432360
1,10,5.995750
1,10,6.072170
1,10,5.916360
1,10,6.005830
1,10,6.097940
1,10,6.121160
1,10,5.906280
1,10,5.706450
1,10,6.582230
1,10,6.359910
1,10,5.295670
1,10,5.969580
1,10,5.779260
1,10,5.969950
1,10,6.175680
101,10,7.617071
101,10,7.448340
101,10,7.682638
101,10,7.582004
101,10,7.606355
101,10,7.713744
101,10,7.507311
101,10,7.000195
101,10,7.321316
101,10,7.816449
101,10,7.759716
101,10,7.629855
101,10,7.515411
101,10,7.766626
101,10,7.865216
101,10,7.560528
101,10,7.347771
101,10,7.539048
101,10,7.347415
101,10,7.605180
201,10,1.497814
201,10,1.508745
201,10,1.493833
201,10,1.533504
201,10,1.478248
201,10,1.573714
201,10,1.480781
201,10,1.587720
201,10,1.530913
201,10,1.561253
201,10,1.520756
201,10,1.496051
201,10,1.517426
201,10,1.444358
201,10,1.522105
201,10,1.516893
201,10,1.526872
201,10,1.515069
201,10,1.497878
201,10,1.533164
301,10,2.285241
301,10,2.360595
301,10,2.286174
301,10,2.302381
301,10,2.287943
301,10,2.287779
301,10,2.303468
301,10,2.263507
301,10,2.242338
301,10,2.357377
301,10,2.289419
301,10,2.366059
301,10,2.270686
301,10,2.335587
301,10,2.276162
301,10,2.281559
301,10,2.352487
301,10,2.282077
301,10,2.284359
301,10,2.298735
401,10,3.176428
401,10,2.998267
401,10,3.123090
401,10,3.114876
401,10,3.058864
401,10,3.156094
401,10,3.118998
401,10,3.128282
401,10,3.169284
401,10,3.132501
401,10,3.172805
401,10,3.077121
401,10,3.226558
401,10,3.202019
401,10,3.192534
401,10,3.114570
401,10,3.167926
401,10,3.040945
401,10,3.158923
401,10,3.114903
501,10,3.908766
501,10,3.761187
501,10,3.926943
501,10,3.817596
501,10,3.906251
501,10,3.802966
501,10,3.992710
501,10,3.855758
501,10,3.902273
501,10,3.919865
501,10,3.998056
501,10,3.882511
501,10,3.861886
501,10,3.954545
501,10,3.960601
501,10,3.931932
501,10,3.863550
501,10,3.934969
501,10,3.933285
501,10,3.914765
601,10,4.562877
601,10,4.591198
601,10,4.608799
601,10,4.541754
601,10,4.643405
601,10,4.568869
601,10,4.787568
601,10,4.702291
601,10,4.701835
601,10,4.648120
601,10,4.671152
601,10,4.749627
601,10,4.484128
601,10,4.702066
601,10,4.672544
601,10,4.613679
601,10,4.616142
601,10,4.806761
601,10,4.720817
601,10,4.730451
701,10,5.482246
701,10,5.367256
701,10,5.313999
701,10,5.443723
701,10,5.597901
701,10,5.102185
701,10,5.468649
701,10,5.401267
701,10,5.614964
701,10,5.400366
701,10,5.436462
701,10,5.248972
701,10,5.725898
701,10,5.373361
701,10,5.496157
701,10,5.666383
701,10,5.595607
701,10,5.776189
701,10,5.607628
701,10,5.590523
801,10,6.327722
801,10,6.722792
801,10,6.520228
801,10,6.564813
801,10,6.472862
801,10,6.411421
801,10,6.448616
801,10,6.328051
801,10,6.236304
801,10,6.560437
801,10,6.384605
801,10,6.521742
801,10,6.458727
801,10,6.290927
801,10,6.289046
801,10,6.273203
801,10,6.482811
801,10,6.470412
801,10,6.434646
801,10,6.296915
901,10,7.189961
901,10,7.659168
901,10,7.447013
901,10,7.513647
901,10,7.635271
901,10,7.449492
901,10,7.349858
901,10,7.301517
901,10,7.359668
901,10,9.634457
901,10,7.546886
901,10,7.448423
901,10,7.476790
901,10,7.481989
901,10,7.377732
901,10,7.551318
901,10,7.670370
901,10,7.489530
901,10,7.360068
901,10,7.423483
1001,10,1.133634
1001,10,9.326009
1001,10,9.799997
1001,10,1.022796
1001,10,1.039162
1001,10,1.058439
1001,10,1.008610
1001,10,9.730848
1001,10,1.122293
1001,10,1.116294
1001,10,1.023444
1001,10,9.474315
1001,10,9.183195
1001,10,9.229598
1001,10,1.079655
1001,10,1.149110
1001,10,1.189024
1001,10,9.476289
1001,10,8.713071
1001,10,1.152600
1101,10,1.194914
1101,10,1.202693
1101,10,1.399382
1101,10,1.256941
1101,10,1.398051
1101,10,1.243265
1101,10,1.205362
1101,10,1.365036
1101,10,1.251904
1101,10,1.441842
1101,10,1.260588
1101,10,1.290195
1101,10,1.297550
1101,10,1.272416
1101,10,1.333779
1101,10,1.381901
1101,10,1.309811
1101,10,1.371175
1101,10,1.304000
1101,10,1.385419
1201,10,1.527817
1201,10,1.547058
1201,10,1.565800
1201,10,1.588309
1201,10,1.459380
1201,10,1.574464
1201,10,1.543278
1201,10,1.508016
1201,10,1.517123
1201,10,1.539481
1201,10,1.474671
1201,10,1.553044
1201,10,1.501319
1201,10,1.479549
1201,10,1.629271
1201,10,1.520655
1201,10,1.586410
1201,10,1.579166
1201,10,1.553133
1201,10,1.549291
1301,10,1.711130
1301,10,1.797904
1301,10,1.788994
1301,10,1.810472
1301,10,1.778177
1301,10,1.824520
1301,10,1.642841
1301,10,1.714595
1301,10,1.845287
1301,10,1.804374
1301,10,1.774452
1301,10,1.961551
1301,10,1.876048
1301,10,1.719170
1301,10,1.682649
1301,10,1.873362
1301,10,1.675639
1301,10,1.633957
1301,10,1.787779
1301,10,1.745632
1401,10,2.265110
1401,10,2.034269
1401,10,1.959855
1401,10,1.887874
1401,10,1.915015
1401,10,1.995597
1401,10,1.854272
1401,10,1.882421
1401,10,2.078722
1401,10,1.988136
1401,10,1.920828
1401,10,1.795938
1401,10,2.142440
1401,10,1.952568
1401,10,1.854011
1401,10,1.947904
1401,10,1.979777
1401,10,1.919420
1401,10,1.992807
1401,10,1.849691
1501,10,2.328386
1501,10,2.130984
1501,10,2.146391
1501,10,2.122103
1501,10,2.282200
1501,10,2.164474
1501,10,2.005572
1501,10,2.171026
1501,10,2.116891
1501,10,2.187994
1501,10,2.171657
1501,10,2.200559
1501,10,2.345527
1501,10,2.230874
1501,10,2.013548
1501,10,2.351779
1501,10,2.318391
1501,10,2.317216
1501,10,2.097894
1501,10,2.172495
1601,10,2.350148
1601,10,2.450281
1601,10,2.480116
1601,10,2.325985
1601,10,2.506412
1601,10,2.360234
1601,10,2.315024
1601,10,2.306819
1601,10,2.224243
1601,10,2.527517
1601,10,2.661183
1601,10,2.439472
1601,10,2.223875
1601,10,2.428782
1601,10,2.358691
1601,10,2.524470
1601,10,2.516903
1601,10,2.470541
1601,10,2.299041
1601,10,2.277692
1701,10,2.493658
1701,10,2.884712
1701,10,2.539392
1701,10,2.536105
1701,10,2.629913
1701,10,2.493016
1701,10,2.228675
1701,10,2.683419
1701,10,2.517305
1701,10,2.405064
1701,10,2.787912
1701,10,2.516393
1701,10,2.711116
1701,10,2.402873
1701,10,2.749007
1701,10,2.722577
1701,10,2.558771
1701,10,2.370180
1701,10,2.736594
1701,10,2.633678
1801,10,3.021351
1801,10,2.717397
1801,10,3.155191
1801,10,2.891906
1801,10,2.676964
1801,10,2.901495
1801,10,2.630379
1801,10,3.034885
1801,10,2.779361
1801,10,2.714049
1801,10,3.172554
1801,10,2.803009
1801,10,3.073097
1801,10,3.086544
1801,10,3.160411
1801,10,2.842113
1801,10,2.937163
1801,10,3.130159
1801,10,2.821014
1801,10,2.911615
1901,10,3.127792
1901,10,3.009026
1901,10,2.730153
1901,10,3.504006
1901,10,3.228667
1901,10,3.206601
1901,10,2.921183
1901,10,3.012399
1901,10,3.453312
1901,10,3.262991
1901,10,3.308974
1901,10,3.481638
1901,10,3.174947
1901,10,2.986017
1901,10,2.667757
1901,10,3.418590
1901,10,3.161491
1901,10,2.936979
1901,10,3.559945
1901,10,3.139095
2001,10,3.598652
2001,10,3.549448
2001,10,3.218541
2001,10,3.310059
2001,10,3.711243
2001,10,3.325829
2001,10,3.304767
2001,10,3.208551
2001,10,3.779954
2001,10,3.406710
2001,10,3.371674
2001,10,3.037413
2001,10,3.371216
2001,10,3.327467
2001,10,3.064239
2001,10,3.120014
2001,10,3.189345
2001,10,3.282820
2001,10,3.384220
2001,10,3.224224
2101,10,3.206250
2101,10,3.736172
2101,10,3.601683
2101,10,3.665656
2101,10,3.533514
2101,10,3.338882
2101,10,3.896186
2101,10,3.534338
2101,10,3.395448
2101,10,3.549685
2101,10,3.534485
2101,10,3.855178
2101,10,3.389377
2101,10,3.411818
2101,10,3.758464
2101,10,3.191341
2101,10,3.321262
2101,10,3.949355
2101,10,3.787647
2101,10,3.657953
2201,10,3.708950
2201,10,3.884506
2201,10,3.836084
2201,10,3.338369
2201,10,4.068004
2201,10,3.975270
2201,10,3.647020
2201,10,3.481555
2201,10,3.693534
2201,10,4.695050
2201,10,3.889192
2201,10,4.085273
2201,10,4.173170
2201,10,4.258498
2201,10,3.952883
2201,10,3.852160
2201,10,4.045020
2201,10,3.926240
2201,10,3.757466
2201,10,3.683461
2301,10,4.055159
2301,10,3.672496
2301,10,4.060737
2301,10,4.003664
2301,10,4.053653
2301,10,4.210327
2301,10,4.113602
2301,10,4.158648
2301,10,4.325818
2301,10,3.895479
2301,10,4.078536
2301,10,3.988958
2301,10,4.079498
2301,10,3.568957
2301,10,4.127664
2301,10,4.414221
2301,10,4.195215
2301,10,3.817188
2301,10,3.508624
2301,10,3.694159
2401,10,4.212241
2401,10,3.798750
2401,10,4.497420
2401,10,4.240456
2401,10,4.101973
2401,10,3.506198
2401,10,4.322767
2401,10,4.397288
2401,10,4.508806
2401,10,3.667302
2401,10,4.791089
2401,10,4.723610
2401,10,4.153374
2401,10,3.836218
2401,10,5.064081
2401,10,4.932928
2401,10,4.186910
2401,10,4.060702
2401,10,4.346828
2401,10,4.255596
2501,10,3.835099
2501,10,4.807206
2501,10,4.492314
2501,10,3.998047
2501,10,4.213969
2501,10,4.515385
2501,10,4.449679
2501,10,4.600958
2501,10,4.410175
2501,10,4.240990
2501,10,4.482643
2501,10,4.362126
2501,10,4.349141
2501,10,4.262109
2501,10,5.026316
2501,10,4.024443
2501,10,4.165688
2501,10,4.428205
2501,10,5.057040
2501,10,4.969559
2601,10,4.484733
2601,10,5.047521
2601,10,4.535171
2601,10,4.501966
2601,10,4.705708
2601,10,4.529725
2601,10,4.651389
2601,10,4.268472
2601,10,4.905912
2601,10,4.628449
2601,10,4.576189
2601,10,4.784726
2601,10,4.681840
2601,10,4.801937
2601,10,5.200564
2601,10,4.896400
2601,10,5.190039
2601,10,4.674720
2601,10,4.669395
2601,10,4.691245
2701,10,4.532628
2701,10,4.802903
2701,10,4.771700
2701,10,4.957058
2701,10,4.858863
2701,10,4.807945
2701,10,4.868831
2701,10,5.021881
2701,10,4.415546
2701,10,5.454354
2701,10,4.669713
2701,10,5.410045
2701,10,4.606031
2701,10,5.090687
2701,10,4.533764
2701,10,4.631993
2701,10,4.135829
2701,10,4.894479
2701,10,5.382833
2701,10,5.042265
2801,10,5.717467
2801,10,4.864211
2801,10,5.325358
2801,10,6.131768
2801,10,5.123715
2801,10,6.151379
2801,10,5.079789
2801,10,5.103513
2801,10,5.131323
2801,10,5.037659
2801,10,5.701769
2801,10,5.194510
2801,10,5.694347
2801,10,4.828777
2801,10,5.229363
2801,10,5.417393
2801,10,5.250961
2801,10,5.465016
2801,10,5.260266
2801,10,5.125143
2901,10,5.827173
2901,10,5.273238
2901,10,4.979938
2901,10,6.451962
2901,10,6.028634
2901,10,6.322699
2901,10,6.182065
2901,10,5.532280
2901,10,5.769603
2901,10,5.065663
2901,10,4.829023
2901,10,4.719814
2901,10,5.796264
2901,10,6.040401
2901,10,5.850458
2901,10,5.805608
2901,10,5.065478
2901,10,5.894954
2901,10,4.856298
2901,10,4.934683
3001,10,5.898795
3001,10,5.560841
3001,10,5.945393
3001,10,5.967581
3001,10,5.106467
3001,10,5.547501
3001,10,5.946981
3001,10,5.920600
3001,10,5.849613
3001,10,6.497716
3001,10,5.766403
3001,10,5.621348
3001,10,6.128013
3001,10,5.125464
3001,10,5.916832
3001,10,5.941248
3001,10,5.826135
3001,10,5.609442
3001,10,4.960491
3001,10,6.273021
3101,10,5.998115
3101,10,6.236674
3101,10,6.854620
3101,10,5.792511
3101,10,5.674694
3101,10,5.798430
3101,10,5.712463
3101,10,6.391611
3101,10,6.169150
3101,10,6.189600
3101,10,6.863639
3101,10,5.836851
3101,10,6.307166
3101,10,6.869016
3101,10,5.852610
3101,10,5.711444
3101,10,6.334998
3101,10,6.305756
3101,10,5.460680
3101,10,6.019335
3201,10,6.227499
3201,10,5.907675
3201,10,7.822034
3201,10,6.851785
3201,10,6.294703
3201,10,5.901312
3201,10,5.768239
3201,10,6.628469
3201,10,5.971925
3201,10,6.564507
3201,10,6.325464
3201,10,6.535241
3201,10,6.002404
3201,10,5.895812
3201,10,7.187718
3201,10,6.684735
3201,10,5.399470
3201,10,7.165749
3201,10,7.206278
3201,10,5.905231
3301,10,6.824607
3301,10,6.931048
3301,10,5.273312
3301,10,6.032512
3301,10,5.969710
3301,10,6.620983
3301,10,5.929358
3301,10,6.526960
3301,10,6.282941
3301,10,6.903171
3301,10,6.696358
3301,10,5.723703
3301,10,6.589510
3301,10,7.628104
3301,10,6.707213
3301,10,6.488767
3301,10,5.979170
3301,10,6.370596
3301,10,6.356222
3301,10,6.168543
3401,10,6.859350
3401,10,7.154132
3401,10,7.498006
3401,10,6.931260
3401,10,7.010293
3401,10,6.497310
3401,10,6.707319
3401,10,6.915152
3401,10,6.645189
3401,10,7.203404
3401,10,6.880410
3401,10,5.580254
3401,10,6.584047
3401,10,7.457880
3401,10,7.830377
3401,10,8.611367
3401,10,6.727949
3401,10,7.400940
3401,10,7.277188
3401,10,6.224747
3501,10,6.811616
3501,10,8.338964
3501,10,7.193083
3501,10,6.166206
3501,10,7.886786
3501,10,7.154545
3501,10,6.863393
3501,10,7.372941
3501,10,7.073515
3501,10,6.962386
3501,10,7.588931
3501,10,6.585258
3501,10,6.361900
3501,10,7.776920
3501,10,7.464190
3501,10,6.827035
3501,10,6.860091
3501,10,6.026799
3501,10,6.836810
3501,10,6.629980
3601,10,6.618338
3601,10,8.236254
3601,10,7.758618
3601,10,6.851785
3601,10,6.550847
3601,10,8.218996
3601,10,8.254078
3601,10,7.311982
3601,10,6.854217
3601,10,7.056428
3601,10,7.366903
3601,10,8.054648
3601,10,7.257654
3601,10,7.751734
3601,10,6.754377
3601,10,7.854570
3601,10,7.405122
3601,10,7.351374
3601,10,8.042835
3601,10,7.352069
3701,10,8.004302
3701,10,7.328441
3701,10,7.954164
3701,10,8.497561
3701,10,7.885421
3701,10,6.741663
3701,10,7.356601
3701,10,7.428789
3701,10,8.638749
3701,10,7.508993
3701,10,6.893181
3701,10,7.959029
3701,10,8.454138
3701,10,7.741320
3701,10,7.409447
3701,10,7.819584
3701,10,7.492514
3701,10,7.408532
3701,10,8.945189
3701,10,8.244316
3801,10,7.218886
3801,10,7.327497
3801,10,8.473334
3801,10,7.741729
3801,10,8.235470
3801,10,7.110150
3801,10,8.338516
3801,10,7.703455
3801,10,9.158653
3801,10,9.073805
3801,10,8.861738
3801,10,7.470722
3801,10,8.096803
3801,10,8.269787
3801,10,7.661461
3801,10,7.839715
3801,10,7.933967
3801,10,7.563570
3801,10,6.907931
3801,10,7.373813
3901,10,8.649457
3901,10,7.476400
3901,10,7.970164
3901,10,7.559463
3901,10,9.043300
3901,10,7.573223
3901,10,8.003487
3901,10,7.477892
3901,10,8.548130
3901,10,8.146599
3901,10,7.598938
3901,10,7.628601
3901,10,7.813107
3901,10,8.031918
3901,10,7.543160
3901,10,7.063958
3901,10,8.313559
3901,10,9.019450
3901,10,8.793304
3901,10,9.157942
4001,10,8.042764
4001,10,9.159848
4001,10,8.830640
4001,10,8.732412
4001,10,8.313869
4001,10,8.609030
4001,10,8.663826
4001,10,8.149182
4001,10,8.983445
4001,10,8.701330
4001,10,8.397028
4001,10,8.688479
4001,10,1.003674
4001,10,8.277222
4001,10,8.018271
4001,10,7.796132
4001,10,8.839290
4001,10,8.788279
4001,10,7.820831
4001,10,8.903383
4101,10,8.423880
4101,10,7.861893
4101,10,8.933950
4101,10,8.281281
4101,10,9.370746
4101,10,8.977452
4101,10,8.173445
4101,10,7.464709
4101,10,7.489443
4101,10,1.015268
4101,10,8.217830
4101,10,8.988971
4101,10,9.348246
4101,10,8.292956
4101,10,9.876733
4101,10,8.455861
4101,10,8.868807
4101,10,9.152918
4101,10,8.957058
4101,10,9.295338
4201,10,9.298276
4201,10,8.991160
4201,10,8.436994
4201,10,7.746901
4201,10,8.865554
4201,10,1.038768
4201,10,9.097440
4201,10,7.745303
4201,10,8.243515
4201,10,8.636082
4201,10,9.236338
4201,10,9.772564
4201,10,8.990896
4201,10,7.774655
4201,10,9.066813
4201,10,8.592392
4201,10,8.398376
4201,10,8.672136
4201,10,8.706861
4201,10,8.664210
4301,10,9.207063
4301,10,9.965972
4301,10,8.734422
4301,10,9.623543
4301,10,9.251597
4301,10,9.180197
4301,10,9.704780
4301,10,8.980746
4301,10,9.480639
4301,10,9.240072
4301,10,1.042827
4301,10,9.657477
4301,10,9.187401
4301,10,8.476942
4301,10,7.900595
4301,10,8.812649
4301,10,1.034999
4301,10,9.698354
4301,10,8.454238
4301,10,1.010752
4401,10,1.009859
4401,10,8.826331
4401,10,9.518161
4401,10,1.057326
4401,10,9.746477
4401,10,9.055292
4401,10,8.405574
4401,10,1.060933
4401,10,1.096614
4401,10,8.570560
4401,10,9.630447
4401,10,9.579231
4401,10,1.047769
4401,10,9.918072
4401,10,8.896809
4401,10,1.156151
4401,10,9.701522
4401,10,8.863898
4401,10,9.068097
4401,10,9.063743
4501,10,1.125642
4501,10,8.731153
4501,10,8.869725
4501,10,1.018747
4501,10,9.339354
4501,10,9.138629
4501,10,8.806501
4501,10,1.073249
4501,10,9.512228
4501,10,1.031765
4501,10,1.009251
4501,10,8.954354
4501,10,9.648287
4501,10,9.047539
4501,10,1.089999
4501,10,1.028676
4501,10,9.432795
4501,10,9.761652
4501,10,9.179440
4501,10,1.087446
4601,10,9.668571
4601,10,1.035127
4601,10,8.837440
4601,10,1.127476
4601,10,1.091560
4601,10,1.098949
4601,10,8.881971
4601,10,1.093503
4601,10,1.070901
4601,10,9.833936
4601,10,1.068897
4601,10,1.158976
4601,10,9.234016
4601,10,9.636445
4601,10,9.964542
4601,10,1.038022
4601,10,9.782271
4601,10,1.061732
4601,10,1.074092
4601,10,1.068646
4701,10,1.120548
4701,10,1.014762
4701,10,1.027287
4701,10,1.088729
4701,10,9.662556
4701,10,1.205773
4701,10,9.492312
4701,10,9.064279
4701,10,9.229323
4701,10,9.515824
4701,10,1.064442
4701,10,1.116068
4701,10,1.107365
4701,10,1.118397
4701,10,9.648808
4701,10,1.019857
4701,10,1.148814
4701,10,9.983115
4701,10,1.085107
4701,10,1.027474
4801,10,8.991000
4801,10,1.123599
4801,10,1.082019
4801,10,8.934647
4801,10,1.092550
4801,10,1.084453
4801,10,9.869663
4801,10,9.856503
4801,10,1.060232
4801,10,1.047208
4801,10,9.449699
4801,10,1.182560
4801,10,1.088194
4801,10,1.078533
4801,10,1.224090
4801,10,1.131391
4801,10,1.088855
4801,10,1.226478
4801,10,1.031940
4801,10,9.867854
4901,10,1.066831
4901,10,1.154110
4901,10,1.063993
4901,10,1.197376
4901,10,9.704055
4901,10,1.052939
4901,10,1.187069
4901,10,1.261152
4901,10,1.123798
4901,10,1.256302
4901,10,1.124295
4901,10,1.145597
4901,10,1.064405
4901,10,1.162572
4901,10,1.203131
4901,10,1.202956
4901,10,1.224461
4901,10,1.046489
4901,10,1.154500
4901,10,1.223274
5001,10,1.057484
5001,10,1.170856
5001,10,1.072208
5001,10,1.049968
5001,10,1.055443
5001,10,1.177361
5001,10,9.764149
5001,10,1.287478
5001,10,1.149093
5001,10,1.050325
5001,10,1.140548
5001,10,1.137273
5001,10,1.071580
5001,10,9.909335
5001,10,1.160500
5001,10,1.036960
5001,10,1.135511
5001,10,9.627162
5001,10,1.112510
5001,10,1.271873
5101,10,1.086869
5101,10,1.122502
5101,10,1.167476
5101,10,1.038005
5101,10,1.139654
5101,10,1.118572
5101,10,1.233003
5101,10,9.470420
5101,10,1.067172
5101,10,1.370299
5101,10,1.036677
5101,10,1.293018
5101,10,1.048636
5101,10,1.167840
5101,10,1.291864
5101,10,1.129334
5101,10,1.407538
5101,10,1.043779
5101,10,1.380684
5101,10,1.084403
5201,10,1.069220
5201,10,1.229512
5201,10,1.232624
5201,10,1.328549
5201,10,1.228831
5201,10,1.282013
5201,10,1.240306
5201,10,1.184095
5201,10,1.222669
5201,10,1.144795
5201,10,1.098635
5201,10,1.271313
5201,10,1.232082
5201,10,1.150801
5201,10,1.142604
5201,10,1.073861
5201,10,1.160797
5201,10,1.079271
5201,10,1.332137
5201,10,1.279606
5301,10,1.210201
5301,10,1.145649
5301,10,1.204457
5301,10,1.217588
5301,10,1.080029
5301,10,1.216859
5301,10,1.341414
5301,10,1.334227
5301,10,1.292076
5301,10,1.380665
5301,10,1.153966
5301,10,1.192021
5301,10,1.331560
5301,10,1.116301
5301,10,1.215502
5301,10,1.236203
5301,10,1.422801
5301,10,
5301,10,1.286008
5301,10,1.146452
5401,10,1.135015
5401,10,1.159359
5401,10,1.150567
5401,10,1.167403
5401,10,1.302152
5401,10,1.281597
5401,10,1.362283
5401,10,1.278984
5401,10,1.276799
5401,10,1.243876
5401,10,1.420601
5401,10,1.471484
5401,10,1.166083
5401,10,1.219252
5401,10,1.279268
5401,10,1.171663
5401,10,1.101713
5401,10,1.369947
5401,10,1.225225
5401,10,1.106375
5501,10,1.128040
5501,10,1.373044
5501,10,1.310184
5501,10,1.416596
5501,10,1.170634
5501,10,1.299047
5501,10,1.463179
5501,10,1.247907
5501,10,1.388393
5501,10,1.505371
5501,10,1.253334
5501,10,1.213538
5501,10,1.357234
5501,10,1.365269
5501,10,1.195596
5501,10,1.404600
5501,10,1.419458
5501,10,1.441520
5501,10,1.507316
5601,10,1.259731
5601,10,1.416471
5601,10,1.656379
5601,10,1.415747
5601,10,1.269738
5601,10,1.378554
5601,10,1.550822
5601,10,1.280699
5601,10,1.182629
5601,10,1.210128
5601,10,1.329315
5601,10,1.300319
5601,10,1.366361
5601,10,1.193978
5601,10,1.320856
5601,10,1.216451
5601,10,1.341611
5601,10,1.493633
5601,10,1.430682
5701,10,1.262876
5701,10,1.507253
5701,10,1.268733
5701,10,1.293870
5701,10,1.483776
5701,10,1.430832
5701,10,1.455382
5701,10,1.524009
5701,10,1.718829
5701,10,1.252277
5701,10,1.412368
5701,10,1.410077
5701,10,1.310603
5701,10,1.473552
5701,10,1.495863
5701,10,1.287395
5701,10,1.476259
5701,10,1.350645
5701,10,1.285222
5701,10,1.391140
5801,10,1.400543
5801,10,1.317379
5801,10,1.306715
5801,10,1.543035
5801,10,1.254959
5801,10,1.403381
5801,10,1.651870
5801,10,1.552991
5801,10,1.497045
5801,10,1.408135
5801,10,1.650828
5801,10,1.400801
5801,10,1.631175
5801,10,1.276637
5801,10,1.410881
5801,10,1.453302
5801,10,1.362781
5801,10,1.605046
5901,10,1.526862
5901,10,1.326754
5901,10,1.507984
5901,10,1.666945
5901,10,1.164365
5901,10,1.515081
5901,10,1.517256
5901,10,1.429209
5901,10,1.437370
5901,10,1.363463
5901,10,1.649309
5901,10,1.421451
5901,10,1.479099
5901,10,1.387482
5901,10,1.591261
5901,10,1.475441
5901,10,1.712654
5901,10,1.373790
5901,10,1.275974
5901,10,1.315913
6001,10,1.487443
6001,10,1.449569
6001,10,1.450664
6001,10,1.695546
6001,10,1.398031
6001,10,1.297851
6001,10,1.779302
6001,10,1.523488
6001,10,1.507803
6001,10,1.410831
6001,10,1.353631
6001,10,1.647915
6001,10,1.433100
6001,10,1.482088
6001,10,1.479650
6001,10,1.348432
6001,10,1.488955
6001,10,1.569659
6001,10,1.300203
6101,10,1.503012
6101,10,1.674798
6101,10,1.491275
6101,10,1.511828
6101,10,1.513100
6101,10,1.371363
6101,10,1.438648
6101,10,1.368797
6101,10,1.428257
6101,10,1.466138
6101,10,1.443119
6101,10,1.470086
6101,10,1.663956
6101,10,1.608905
6101,10,1.529457
6101,10,1.532141
6101,10,1.760442
6201,10,1.542392
6201,10,1.591318
6201,10,1.604349
6201,10,1.477472
6201,10,1.560817
6201,10,1.675407
6201,10,1.611987
6201,10,1.410602
6201,10,1.808064
6201,10,1.443753
6201,10,1.619995
6201,10,1.640299
6201,10,1.685092
6201,10,1.518925
6201,10,1.491313
6201,10,1.744012
6201,10,1.349232
6301,10,1.559297
6301,10,1.736918
6301,10,1.442300
6301,10,1.593809
6301,10,1.629954
6301,10,1.706082
6301,10,1.723094
6301,10,1.602360
6301,10,1.703586
6301,10,1.487436
6301,10,1.390934
6301,10,1.558335
6301,10,1.470949
6301,10,1.651449
6301,10,1.807367
6301,10,1.554509
6301,10,1.584280
6301,10,1.759684
6401,10,1.461199
6401,10,1.559278
6401,10,1.502210
6401,10,1.542749
6401,10,1.548278
6401,10,1.489791
6401,10,1.617750
6401,10,1.573283
6401,10,1.792685
6401,10,1.829101
6401,10,1.862156
6401,10,1.760979
6401,10,1.477868
6401,10,1.662282
6401,10,1.636228
6401,10,1.457196
6401,10,1.658492
6401,10,1.719702
6401,10,1.717428
6501,10,1.866783
6501,10,1.934714
6501,10,1.618398
6501,10,1.700239
6501,10,1.857811
6501,10,1.769272
6501,10,1.791945
6501,10,1.916473
6501,10,1.810370
6501,10,1.683368
6501,10,1.845054
6501,10,1.756499
6501,10,1.534388
6501,10,1.657370
6501,10,1.712856
6501,10,1.672291
6501,10,1.548457
6601,10,1.563353
6601,10,1.546807
6601,10,1.617314
6601,10,1.598614
6601,10,1.700094
6601,10,1.625826
6601,10,1.595258
6601,10,1.580006
6601,10,1.685796
6601,10,1.612030
6601,10,1.562076
6601,10,1.747151
6601,10,1.795531
6601,10,1.719369
6601,10,1.776918
6601,10,1.824926
6601,10,1.852509
6601,10,1.763845
6701,10,1.693455
6701,10,1.685872
6701,10,1.731609
6701,10,1.674591
6701,10,1.742554
6701,10,1.714033
6701,10,1.853961
6701,10,1.790399
6701,10,1.691371
6701,10,1.717752
6701,10,1.785290
6701,10,1.677408
6701,10,1.766957
6701,10,1.783959
6701,10,1.543874
6801,10,2.050299
6801,10,1.621530
6801,10,2.031481
6801,10,1.688057
6801,10,1.753090
6801,10,1.946307
6801,10,1.571310
6801,10,1.810044
6801,10,2.120251
6801,10,1.705882
6801,10,1.628475
6801,10,1.623537
6801,10,1.795860
6801,10,1.624395
6801,10,1.710780
6801,10,1.661743
6901,10,1.697344
6901,10,1.720417
6901,10,1.776221
6901,10,1.786872
6901,10,1.698970
6901,10,1.981923
6901,10,1.793950
6901,10,1.769249
6901,10,2.008483
6901,10,1.758931
6901,10,1.788321
6901,10,1.662835
6901,10,1.611049
6901,10,1.696361
6901,10,1.776047
6901,10,1.903145
7001,10,1.831655
7001,10,1.739419
7001,10,2.071373
7001,10,1.854922
7001,10,1.988387
7001,10,1.804439
7001,10,1.886404
7001,10,2.025990
7001,10,1.870677
7001,10,1.960585
7001,10,1.701482
7001,10,1.582696
7001,10,1.875157
7001,10,1.992416
7001,10,1.747798
7001,10,1.863964
7101,10,1.937393
7101,10,1.809546
7101,10,1.871078
7101,10,1.743554
7101,10,1.635815
7101,10,1.966180
7101,10,1.774633
7101,10,1.883412
7101,10,1.622060
7101,10,1.692919
7101,10,1.964672
7101,10,1.971745
7101,10,1.874158
7201,10,2.002751
7201,10,1.727170
7201,10,1.750254
7201,10,1.899095
7201,10,1.973247
7201,10,1.914502
7201,10,1.943167
7201,10,1.778175
7201,10,1.753813
7201,10,1.745123
7201,10,2.240253
7201,10,1.846360
7201,10,1.920336
7201,10,1.737919
7201,10,2.070215
7201,10,1.810234
7201,10,2.187787
7301,10,2.089415
7301,10,2.092404
7301,10,1.844398
7301,10,2.228282
7301,10,2.032005
7301,10,1.875972
7301,10,1.814294
7301,10,1.841984
7301,10,1.767315
7301,10,1.819729
7301,10,1.939282
7301,10,2.139506
7301,10,1.942220
7301,10,2.089269
7301,10,1.988621
7301,10,2.017477
7301,10,1.861417
7401,10,1.847881
7401,10,1.914307
7401,10,2.361111
7401,10,2.129088
7401,10,2.122208
7401,10,1.829554
7401,10,1.916525
7401,10,1.756015
7401,10,2.195192
7401,10,2.127918
7401,10,2.042371
7401,10,2.001163
7401,10,2.004478
7401,10,2.030861
7401,10,1.746821
7401,10,2.074225
7401,10,1.922067
7501,10,2.294020
7501,10,2.348767
7501,10,2.122074
7501,10,1.904457
7501,10,1.980902
7501,10,1.991263
7501,10,2.003209
7501,10,2.289885
7501,10,1.970080
7501,10,2.028942
7501,10,1.889647
7501,10,1.888553
7501,10,2.233202
7501,10,1.990040
7501,10,1.953109
7501,10,1.977052
7501,10,2.254435
7501,10,2.042805
7601,10,2.084977
7601,10,2.039445
7601,10,1.889967
7601,10,2.022509
7601,10,2.302338
7601,10,2.102426
1,1000,5.885680
1,1000,6.168800
1,1000,6.288690
1,1000,5.825660
1,1000,6.245060
1,1000,5.999390
1,1000,5.948570
1,1000,6.167890
1,1000,5.819950
1,1000,6.069310
1,1000,6.279830
1,1000,5.663910
1,1000,6.202640
1,1000,5.997990
1,1000,6.067640
1,1000,6.034600
1,1000,6.558410
1,1000,5.993950
1,1000,6.662540
1,1000,5.894150
101,1000,7.291417
101,1000,7.932331
101,1000,7.968605
101,1000,7.726887
101,1000,7.765130
101,1000,7.464987
101,1000,6.894466
101,1000,7.616554
101,1000,7.245333
101,1000,7.213940
101,1000,7.458035
101,1000,7.717168
101,1000,7.793380
101,1000,7.642787
101,1000,7.305137
101,1000,7.624693
101,1000,7.337759
101,1000,7.668468
101,1000,7.396213
201,1000,1.496891
201,1000,1.452707
201,1000,1.499833
201,1000,1.496596
201,1000,1.577589
201,1000,1.548681
201,1000,1.516060
201,1000,1.486237
201,1000,1.437012
201,1000,1.502860
201,1000,1.479211
201,1000,1.560729
201,1000,1.489325
201,1000,1.530357
201,1000,1.498169
201,1000,1.465468
201,1000,1.474611
201,1000,1.473202
201,1000,1.523062
201,1000,1.488963
301,1000,2.330647
301,1000,2.310117
301,1000,2.330118
301,1000,2.313259
301,1000,2.255010
301,1000,2.344902
301,1000,2.329482
301,1000,2.372302
301,1000,2.349637
301,1000,2.283516
301,1000,2.300396
301,1000,2.327654
301,1000,2.314746
301,1000,2.229101
301,1000,2.319455
301,1000,2.459096
301,1000,2.261280
301,1000,2.319326
301,1000,2.285633
301,1000,2.322784
401,1000,3.115082
401,1000,3.108880
401,1000,3.166105
401,1000,3.114716
401,1000,3.098514
401,1000,2.956811
401,1000,3.149653
401,1000,3.150124
401,1000,3.140998
401,1000,3.008990
401,1000,3.002737
401,1000,3.146300
401,1000,3.087322
401,1000,3.181644
401,1000,3.223517
401,1000,3.110825
401,1000,3.186692
401,1000,3.086992
401,1000,3.138668
401,1000,3.131260
501,1000,4.004142
501,1000,3.889006
501,1000,3.995396
501,1000,3.947594
501,1000,3.968921
501,1000,3.991483
501,1000,3.740907
501,1000,3.950311
501,1000,3.983975
501,1000,4.082207
501,1000,3.984667
501,1000,4.061549
501,1000,3.927551
501,1000,3.890230
501,1000,3.888823
501,1000,3.735999
501,1000,3.873591
501,1000,3.907128
501,1000,3.988156
501,1000,3.953270
601,1000,4.768613
601,1000,4.563599
601,1000,4.668383
601,1000,4.839780
601,1000,4.779929
601,1000,4.749968
601,1000,4.781170
601,1000,4.687610
601,1000,4.713391
601,1000,4.788902
601,1000,4.698415
601,1000,4.805692
601,1000,4.877247
601,1000,4.597435
601,1000,4.787679
601,1000,4.849555
601,1000,4.635025
601,1000,4.524390
601,1000,4.713971
601,1000,4.814775
701,1000,5.557591
701,1000,5.552455
701,1000,5.486584
701,1000,5.689862
701,1000,5.560071
701,1000,5.666931
701,1000,5.630295
701,1000,5.772462
701,1000,5.563227
701,1000,5.521470
701,1000,5.789788
701,1000,5.557536
701,1000,5.772287
701,1000,5.524633
701,1000,5.559058
701,1000,5.633943
701,1000,5.663475
701,1000,5.542678
701,1000,5.723887
701,1000,5.631632
801,1000,6.378421
801,1000,6.561429
801,1000,7.001958
801,1000,6.445714
801,1000,6.527836
801,1000,6.600596
801,1000,6.599383
801,1000,6.374937
801,1000,6.467068
801,1000,6.605656
801,1000,6.483900
801,1000,6.464471
801,1000,6.580457
801,1000,6.577748
801,1000,6.451638
801,1000,6.521285
801,1000,6.416088
801,1000,6.571103
801,1000,6.679118
801,1000,6.563321
901,1000,7.416360
901,1000,7.341277
901,1000,7.320638
901,1000,7.613359
901,1000,7.553538
901,1000,7.356365
901,1000,7.523660
901,1000,7.432355
901,1000,7.293175
901,1000,7.605945
901,1000,7.451318
901,1000,7.430179
901,1000,7.430595
901,1000,7.447969
901,1000,7.318822
901,1000,7.304661
901,1000,7.598226
901,1000,7.228409
901,1000,7.481932
901,1000,7.562363
1001,1000,8.747230
1001,1000,8.532252
1001,1000,9.620223
1001,1000,9.497442
1001,1000,1.001095
1001,1000,8.694286
1001,1000,8.606258
1001,1000,1.094181
1001,1000,9.935124
1001,1000,1.019667
1001,1000,1.005900
1001,1000,9.200960
1001,1000,1.000612
1001,1000,8.833636
1001,1000,1.157437
1001,1000,9.866395
1001,1000,1.063244
1001,1000,1.009168
1001,1000,9.120317
1001,1000,9.160979
1101,1000,1.218991
1101,1000,1.316865
1101,1000,1.303378
1101,1000,1.241827
1101,1000,1.256901
1101,1000,1.251177
1101,1000,1.296334
1101,1000,1.312610
1101,1000,1.249179
1101,1000,1.075195
1101,1000,1.150922
1101,1000,1.199184
1101,1000,1.200832
1101,1000,1.396612
1101,1000,1.366000
1101,1000,1.344907
1101,1000,1.353209
1101,1000,1.441480
1101,1000,1.343488
1101,1000,1.280334
1201,1000,1.434119
1201,1000,1.633003
1201,1000,1.545078
1201,1000,1.488240
1201,1000,1.521801
1201,1000,1.475275
1201,1000,1.582728
1201,1000,1.514399
1201,1000,1.518087
1201,1000,1.510604
1201,1000,1.479246
1201,1000,1.490157
1201,1000,1.526045
1201,1000,1.470898
1201,1000,1.438812
1201,1000,1.511518
1201,1000,1.655038
1201,1000,1.627782
1201,1000,1.618642
1201,1000,1.530979
1301,1000,1.684455
1301,1000,1.738158
1301,1000,1.650100
1301,1000,1.849391
1301,1000,1.789431
1301,1000,1.690145
1301,1000,1.721948
1301,1000,1.740782
1301,1000,1.670463
1301,1000,1.817578
1301,1000,1.823266
1301,1000,1.658220
1301,1000,1.773066
1301,1000,1.706461
1301,1000,1.764216
1301,1000,1.678024
1301,1000,1.631106
1301,1000,1.781507
1301,1000,1.715481
1301,1000,1.670852
1401,1000,2.074784
1401,1000,1.942136
1401,1000,1.982024
1401,1000,2.080684
1401,1000,1.823366
1401,1000,1.918080
1401,1000,2.020993
1401,1000,1.960993
1401,1000,2.075116
1401,1000,1.908827
1401,1000,2.046274
1401,1000,1.971146
1401,1000,1.996906
1401,1000,2.124961
1401,1000,2.042381
1401,1000,1.923839
1401,1000,1.910562
1401,1000,2.105981
1401,1000,2.006053
1401,1000,2.030081
1501,1000,2.155641
1501,1000,2.185854
1501,1000,2.355504
1501,1000,2.217756
1501,1000,2.208415
1501,1000,2.194690
1501,1000,2.323261
1501,1000,2.373218
1501,1000,2.271747
1501,1000,2.297790
1501,1000,2.234601
1501,1000,2.358518
1501,1000,2.236493
1501,1000,2.227528
1501,1000,2.137389
1501,1000,2.058728
1501,1000,2.160648
1501,1000,2.159254
1501,1000,2.209175
1501,1000,2.116614
1601,1000,2.548255
1601,1000,2.365151
1601,1000,2.344922
1601,1000,2.353939
1601,1000,2.435524
1601,1000,2.560245
1601,1000,2.630004
1601,1000,2.267385
1601,1000,2.387990
1601,1000,2.435009
1601,1000,2.272975
1601,1000,2.377558
1601,1000,2.588425
1601,1000,2.323056
1601,1000,2.517540
1601,1000,2.691921
1601,1000,2.501564
1601,1000,2.651496
1601,1000,2.414869
1601,1000,2.365915
1701,1000,2.511457
1701,1000,2.350751
1701,1000,2.669646
1701,1000,2.372440
1701,1000,2.671399
1701,1000,2.832081
1701,1000,2.419156
1701,1000,2.600823
1701,1000,2.608852
1701,1000,2.550925
1701,1000,2.628009
1701,1000,2.714540
1701,1000,2.645211
1701,1000,2.512439
1701,1000,2.806603
1701,1000,2.796985
1701,1000,2.752724
1701,1000,2.535755
1701,1000,2.631845
1701,1000,2.582232
1801,1000,2.699181
1801,1000,2.706932
1801,1000,2.946785
1801,1000,2.821137
1801,1000,2.885093
1801,1000,2.839164
1801,1000,3.031444
1801,1000,3.030254
1801,1000,2.958641
1801,1000,3.067216
1801,1000,2.731042
1801,1000,3.017677
1801,1000,3.163693
1801,1000,3.030716
1801,1000,2.988744
1801,1000,2.742605
1801,1000,2.853438
1801,1000,2.938657
1801,1000,2.876276
1801,1000,2.784667
1901,1000,3.044444
1901,1000,3.011812
1901,1000,3.156968
1901,1000,3.116915
1901,1000,3.318120
1901,1000,3.101357
1901,1000,2.843861
1901,1000,3.041028
1901,1000,2.863630
1901,1000,2.967053
1901,1000,2.982626
1901,1000,3.047546
1901,1000,2.968562
1901,1000,3.175990
1901,1000,3.019845
1901,1000,3.207322
1901,1000,3.087290
1901,1000,3.077107
1901,1000,3.106138
1901,1000,3.359358
2001,1000,3.422328
2001,1000,3.398357
2001,1000,3.318479
2001,1000,3.353047
2001,1000,3.023300
2001,1000,3.467327
2001,1000,3.661646
2001,1000,3.374404
2001,1000,3.083563
2001,1000,3.443660
2001,1000,3.094120
2001,1000,3.340897
2001,1000,3.461421
2001,1000,4.513802
2001,1000,3.447879
2001,1000,3.443293
2001,1000,3.284079
2001,1000,3.729745
2001,1000,3.535649
2001,1000,3.447821
2101,1000,3.016906
2101,1000,3.374357
2101,1000,3.508871
2101,1000,3.314865
2101,1000,3.484288
2101,1000,3.456269
2101,1000,3.682560
2101,1000,3.546287
2101,1000,3.689430
2101,1000,3.873775
2101,1000,3.665252
2101,1000,3.722313
2101,1000,3.429998
2101,1000,3.687871
2101,1000,3.299794
2101,1000,3.208688
2101,1000,3.748242
2101,1000,3.410532
2101,1000,3.806238
2101,1000,3.259399
2201,1000,3.794016
2201,1000,3.941421
2201,1000,4.245095
2201,1000,3.905630
2201,1000,3.571423
2201,1000,3.392169
2201,1000,3.741866
2201,1000,3.724312
2201,1000,4.101614
2201,1000,4.129144
2201,1000,3.739605
2201,1000,3.458810
2201,1000,4.046500
2201,1000,3.882487
2201,1000,3.502010
2201,1000,3.701884
2201,1000,3.632177
2201,1000,3.716843
2201,1000,4.081442
2201,1000,3.833770
2301,1000,4.138062
2301,1000,3.644340
2301,1000,4.289442
2301,1000,3.955431
2301,1000,3.917291
2301,1000,3.805650
2301,1000,4.023488
2301,1000,3.787209
2301,1000,4.025539
2301,1000,4.022529
2301,1000,4.057322
2301,1000,3.807112
2301,1000,4.117939
2301,1000,4.112200
2301,1000,4.293601
2301,1000,4.180732
2301,1000,3.781574
2301,1000,3.796898
2301,1000,4.223221
2301,1000,3.667740
2401,1000,4.458829
2401,1000,4.748239
2401,1000,4.157002
2401,1000,4.469077
2401,1000,4.161512
2401,1000,3.923705
2401,1000,3.891313
2401,1000,4.295080
2401,1000,3.597698
2401,1000,4.582595
2401,1000,4.527167
2401,1000,4.296176
2401,1000,4.344395
2401,1000,4.010359
2401,1000,3.910410
2401,1000,4.286114
2401,1000,4.431167
2401,1000,3.878645
2401,1000,3.968885
2401,1000,4.729719
2501,1000,4.034423
2501,1000,4.439037
2501,1000,4.787585
2501,1000,4.855996
2501,1000,4.286842
2501,1000,4.132605
2501,1000,4.809427
2501,1000,4.638034
2501,1000,4.929394
2501,1000,4.389149
2501,1000,4.307507
2501,1000,4.405512
2501,1000,4.420101
2501,1000,4.698519
2501,1000,4.243280
2501,1000,5.011432
2501,1000,4.835795
2501,1000,4.814017
2501,1000,4.994972
2501,1000,5.011833
2601,1000,4.437870
2601,1000,4.678372
2601,1000,4.741482
2601,1000,4.796985
2601,1000,4.748138
2601,1000,4.782722
2601,1000,5.148495
2601,1000,5.233161
2601,1000,5.367911
2601,1000,4.763168
2601,1000,4.897621
2601,1000,4.902236
2601,1000,4.928763
2601,1000,3.948217
2601,1000,4.479873
2601,1000,4.736624
2601,1000,4.555218
2601,1000,4.081122
2601,1000,4.760029
2601,1000,5.105452
2701,1000,5.330106
2701,1000,5.702140
2701,1000,4.983957
2701,1000,5.026317
2701,1000,5.112317
2701,1000,5.356329
2701,1000,4.706076
2701,1000,4.748979
2701,1000,5.187042
2701,1000,4.617662
2701,1000,4.917081
2701,1000,5.177154
2701,1000,4.853246
2701,1000,5.177672
2701,1000,4.577199
2701,1000,4.487876
2701,1000,5.342282
2701,1000,4.947048
2701,1000,5.267764
2701,1000,4.515412
2801,1000,5.368051
2801,1000,5.130227
2801,1000,5.258210
2801,1000,5.356739
2801,1000,5.112777
2801,1000,5.863134
2801,1000,5.310006
2801,1000,5.180035
2801,1000,5.256380
2801,1000,4.271688
2801,1000,5.729265
2801,1000,5.168133
2801,1000,5.454933
2801,1000,4.946907
2801,1000,5.519405
2801,1000,5.065058
2801,1000,5.755573
2801,1000,5.348629
2801,1000,5.423749
2801,1000,5.101389
2901,1000,5.433343
2901,1000,5.920463
2901,1000,5.243898
2901,1000,5.661041
2901,1000,5.910183
2901,1000,5.923208
2901,1000,5.760592
2901,1000,5.671780
2901,1000,6.205261
2901,1000,5.424968
2901,1000,5.913662
2901,1000,6.056396
2901,1000,5.571761
2901,1000,5.789783
2901,1000,5.120551
2901,1000,5.230694
2901,1000,5.785924
2901,1000,6.350225
2901,1000,5.728292
2901,1000,4.802577
3001,1000,5.259812
3001,1000,5.442848
3001,1000,6.056898
3001,1000,5.309627
3001,1000,6.172326
3001,1000,5.911453
3001,1000,5.475542
3001,1000,5.231819
3001,1000,5.921006
3001,1000,5.719217
3001,1000,5.742389
3001,1000,5.861693
3001,1000,5.875578
3001,1000,5.890724
3001,1000,5.794087
3001,1000,6.370852
3001,1000,6.273266
3001,1000,6.301884
3001,1000,6.200128
3001,1000,5.357777
3101,1000,5.638044
3101,1000,6.350131
3101,1000,5.883665
3101,1000,5.579211
3101,1000,5.949676
3101,1000,6.267098
3101,1000,6.264874
3101,1000,6.053892
3101,1000,5.789122
3101,1000,5.977853
3101,1000,6.690678
3101,1000,6.289808
3101,1000,5.218906
3101,1000,6.724784
3101,1000,5.378253
3101,1000,7.322247
3101,1000,5.775367
3101,1000,5.656659
3101,1000,5.093957
3101,1000,5.478551
3201,1000,5.703947
3201,1000,7.084562
3201,1000,6.999947
3201,1000,7.282619
3201,1000,5.981575
3201,1000,6.674026
3201,1000,6.573082
3201,1000,5.949326
3201,1000,5.998976
3201,1000,6.533815
3201,1000,5.838944
3201,1000,6.258431
3201,1000,5.805800
3201,1000,6.362927
3201,1000,6.637237
3201,1000,5.235559
3201,1000,5.419350
3201,1000,6.857189
3201,1000,6.534573
3201,1000,6.514512
3301,1000,7.310207
3301,1000,6.374182
3301,1000,6.175634
3301,1000,6.981527
3301,1000,7.704607
3301,1000,7.238816
3301,1000,6.702384
3301,1000,6.413275
3301,1000,5.889881
3301,1000,6.056361
3301,1000,5.580337
3301,1000,6.437227
3301,1000,6.792121
3301,1000,6.529596
3301,1000,7.042783
3301,1000,6.458134
3301,1000,7.015223
3301,1000,5.482841
3301,1000,6.550245
3301,1000,7.768701
3401,1000,7.345781
3401,1000,7.315790
3401,1000,6.586662
3401,1000,6.835783
3401,1000,6.511605
3401,1000,7.987516
3401,1000,7.071479
3401,1000,6.082970
3401,1000,6.095368
3401,1000,6.865749
3401,1000,8.101496
3401,1000,6.443192
3401,1000,7.234055
3401,1000,6.466085
3401,1000,7.012698
3401,1000,6.410193
3401,1000,6.349528
3401,1000,6.926297
3401,1000,7.011281
3401,1000,7.556042
3501,1000,6.632044
3501,1000,6.894518
3501,1000,6.198258
3501,1000,7.585833
3501,1000,7.399666
3501,1000,8.000105
3501,1000,6.864086
3501,1000,7.646388
3501,1000,7.574938
3501,1000,6.960859
3501,1000,7.060349
3501,1000,7.182772
3501,1000,7.075229
3501,1000,7.423035
3501,1000,7.434988
3501,1000,6.439455
3501,1000,7.537067
3501,1000,6.731119
3501,1000,6.233905
3501,1000,6.737666
3601,1000,7.150839
3601,1000,7.876724
3601,1000,8.134335
3601,1000,6.700612
3601,1000,7.070411
3601,1000,7.880149
3601,1000,8.370500
3601,1000,7.400145
3601,1000,8.077960
3601,1000,7.759034
3601,1000,6.978509
3601,1000,7.828148
3601,1000,6.869099
3601,1000,7.412714
3601,1000,7.558228
3601,1000,7.642293
3601,1000,6.895624
3601,1000,7.240001
3601,1000,6.649927
3601,1000,7.487350
3701,1000,7.914894
3701,1000,8.102339
3701,1000,7.845186
3701,1000,8.579342
3701,1000,6.566705
3701,1000,8.365449
3701,1000,7.421850
3701,1000,6.765393
3701,1000,6.896181
3701,1000,7.314593
3701,1000,8.226216
3701,1000,7.803214
3701,1000,8.363547
3701,1000,7.850782
3701,1000,8.478888
3701,1000,8.236285
3701,1000,7.783141
3701,1000,9.109629
3701,1000,8.150745
3701,1000,8.191384
3801,1000,7.899732
3801,1000,7.615577
3801,1000,8.398835
3801,1000,7.298889
3801,1000,9.079489
3801,1000,8.630115
3801,1000,9.177018
3801,1000,7.410685
3801,1000,7.379692
3801,1000,7.869109
3801,1000,7.406299
3801,1000,8.656664
3801,1000,8.287742
3801,1000,8.784426
3801,1000,7.700779
3801,1000,7.745762
3801,1000,7.643849
3801,1000,8.430483
3801,1000,7.986172
3801,1000,8.204308
3901,1000,7.347758
3901,1000,8.864973
3901,1000,7.590807
3901,1000,8.372174
3901,1000,9.610160
3901,1000,7.836927
3901,1000,8.098387
3901,1000,9.590123
3901,1000,8.975149
3901,1000,7.784119
3901,1000,9.578815
3901,1000,7.398885
3901,1000,8.656848
3901,1000,8.519700
3901,1000,8.532594
3901,1000,8.082753
3901,1000,7.943685
3901,1000,8.418732
3901,1000,8.106943
3901,1000,7.705760
4001,1000,8.419637
4001,1000,8.367536
4001,1000,8.617845
4001,1000,7.609565
4001,1000,7.084955
4001,1000,8.362761
4001,1000,9.195347
4001,1000,7.806154
4001,1000,8.516027
4001,1000,8.404446
4001,1000,9.006251
4001,1000,9.714094
4001,1000,8.115197
4001,1000,8.602480
4001,1000,7.142290
4001,1000,7.777599
4001,1000,8.337016
4001,1000,8.577601
4001,1000,9.264158
4001,1000,9.029298
4101,1000,8.639869
4101,1000,8.590647
4101,1000,8.502920
4101,1000,8.634769
4101,1000,8.267030
4101,1000,7.565407
4101,1000,7.449613
4101,1000,8.485997
4101,1000,7.701981
4101,1000,7.838441
4101,1000,9.366606
4101,1000,8.644948
4101,1000,8.761462
4101,1000,8.520524
4101,1000,9.277676
4101,1000,8.830953
4101,1000,7.688413
4101,1000,7.630429
4101,1000,9.088318
4101,1000,7.522646
4201,1000,9.043883
4201,1000,8.407063
4201,1000,7.833523
4201,1000,9.329590
4201,1000,8.186515
4201,1000,8.820376
4201,1000,9.462099
4201,1000,9.287476
4201,1000,9.158903
4201,1000,9.988303
4201,1000,9.280651
4201,1000,1.005680
4201,1000,9.566698
4201,1000,9.565860
4201,1000,8.932090
4201,1000,7.988708
4201,1000,8.086908
4201,1000,1.080904
4201,1000,9.830999
4201,1000,9.875009
4301,1000,8.492286
4301,1000,9.478336
4301,1000,1.013772
4301,1000,9.133054
4301,1000,1.016429
4301,1000,8.480406
4301,1000,8.007308
4301,1000,1.120550
4301,1000,8.407418
4301,1000,9.098428
4301,1000,8.360031
4301,1000,8.813498
4301,1000,9.576180
4301,1000,8.494495
4301,1000,7.931800
4301,1000,8.501545
4301,1000,8.172169
4301,1000,8.876388
4301,1000,1.053264
4301,1000,9.250466
4401,1000,1.005689
4401,1000,1.045128
4401,1000,1.000814
4401,1000,9.241421
4401,1000,9.039536
4401,1000,1.039422
4401,1000,1.038092
4401,1000,8.797581
4401,1000,9.772530
4401,1000,9.090032
4401,1000,8.230283
4401,1000,1.101766
4401,1000,8.869527
4401,1000,9.779358
4401,1000,9.332583
4401,1000,1.025000
4401,1000,8.669543
4401,1000,8.544133
4401,1000,9.467585
4401,1000,9.139463
4501,1000,9.267218
4501,1000,1.059798
4501,1000,1.099177
4501,1000,9.503992
4501,1000,9.116033
4501,1000,1.137990
4501,1000,8.955719
4501,1000,9.535927
4501,1000,8.820448
4501,1000,9.505428
4501,1000,1.040474
4501,1000,1.054624
4501,1000,1.088187
4501,1000,9.022579
4501,1000,8.591103
4501,1000,1.143134
4501,1000,9.113108
4501,1000,1.097319
4501,1000,9.699407
4501,1000,8.543214
4601,1000,9.249490
4601,1000,1.007615
4601,1000,9.830025
4601,1000,1.028572
4601,1000,1.102545
4601,1000,9.871883
4601,1000,8.846267
4601,1000,9.237846
4601,1000,8.082343
4601,1000,1.026025
4601,1000,1.003222
4601,1000,1.020915
4601,1000,1.126829
4601,1000,1.021687
4601,1000,1.021151
4601,1000,9.056817
4601,1000,1.016590
4601,1000,8.903868
4601,1000,1.073705
4601,1000,9.281526
4701,1000,1.079709
4701,1000,9.304384
4701,1000,1.003577
4701,1000,9.130370
4701,1000,1.069655
4701,1000,1.018893
4701,1000,8.972312
4701,1000,9.888902
4701,1000,1.015673
4701,1000,1.025670
4701,1000,1.026397
4701,1000,9.158008
4701,1000,1.159752
4701,1000,1.069909
4701,1000,9.480541
4701,1000,9.899433
4701,1000,1.183303
4701,1000,1.069395
4801,1000,1.068594
4801,1000,1.254152
4801,1000,1.082955
4801,1000,1.056838
4801,1000,1.172981
4801,1000,1.033371
4801,1000,1.189652
4801,1000,9.960438
4801,1000,1.038739
4801,1000,1.171362
4801,1000,1.161678
4801,1000,1.003749
4801,1000,9.410097
4801,1000,1.260097
4801,1000,1.090209
4801,1000,1.062773
4801,1000,1.090636
4801,1000,1.153637
4801,1000,9.660952
4801,1000,1.020746
4901,1000,1.114318
4901,1000,1.142758
4901,1000,1.189670
4901,1000,1.189686
4901,1000,1.053188
4901,1000,1.095444
4901,1000,1.130854
4901,1000,1.129297
4901,1000,1.164186
4901,1000,1.045009
4901,1000,1.153155
4901,1000,1.062768
4901,1000,1.116053
4901,1000,1.075589
4901,1000,1.045210
4901,1000,1.168611
4901,1000,1.051265
4901,1000,1.089041
4901,1000,1.112846
4901,1000,1.127446
5001,1000,1.170862
5001,1000,1.206443
5001,1000,1.124058
5001,1000,1.075656
5001,1000,9.911817
5001,1000,1.359037
5001,1000,1.054807
5001,1000,1.161862
5001,1000,1.094610
5001,1000,1.066726
5001,1000,1.428718
5001,1000,1.138821
5001,1000,1.132568
5001,1000,1.051671
5001,1000,1.128687
5001,1000,1.267786
5001,1000,1.359860
5001,1000,1.123688
5001,1000,1.250685
5001,1000,1.052768
5101,1000,1.188781
5101,1000,1.221313
5101,1000,1.092603
5101,1000,1.150864
5101,1000,1.079837
5101,1000,1.079624
5101,1000,1.086557
5101,1000,1.153737
5101,1000,1.104724
5101,1000,1.198404
5101,1000,1.141135
5101,1000,1.003529
5101,1000,1.195972
5101,1000,1.209352
5101,1000,1.170840
5101,1000,1.298782
5101,1000,1.153269
5101,1000,1.044456
5101,1000,1.185942
5101,1000,1.228111
5201,1000,1.133764
5201,1000,1.047908
5201,1000,1.190033
5201,1000,1.299596
5201,1000,1.316696
5201,1000,1.160613
5201,1000,1.176468
5201,1000,1.304465
5201,1000,1.135199
5201,1000,1.222357
5201,1000,1.146503
5201,1000,1.201007
5201,1000,1.210448
5201,1000,1.211017
5201,1000,1.340032
5201,1000,1.187392
5201,1000,1.260068
5201,1000,1.143043
5201,1000,1.313935
5201,1000,1.406492
5301,1000,1.194877
5301,1000,1.106334
5301,1000,1.229946
5301,1000,1.184187
5301,1000,1.227321
5301,1000,1.313179
5301,1000,1.094585
5301,1000,1.146991
5301,1000,1.163230
5301,1000,1.273793
5301,1000,1.219774
5301,1000,1.439006
5301,1000,1.486182
5301,1000,1.265485
5301,1000,1.186275
5301,1000,1.337484
5301,1000,1.152174
5301,1000,1.077930
5301,1000,1.197238
5401,1000,1.240445
5401,1000,1.261368
5401,1000,1.270384
5401,1000,1.155228
5401,1000,1.189349
5401,1000,1.409308
5401,1000,1.343461
5401,1000,1.415558
5401,1000,1.424406
5401,1000,1.401477
5401,1000,1.339771
5401,1000,1.282890
5401,1000,1.191727
5401,1000,1.140073
5401,1000,1.204301
5401,1000,1.129790
5401,1000,1.426179
5401,1000,1.326004
5501,1000,1.192712
5501,1000,1.279875
5501,1000,1.167922
5501,1000,1.226850
5501,1000,1.302235
5501,1000,1.352480
5501,1000,1.230032
5501,1000,1.232003
5501,1000,1.289899
5501,1000,1.300856
5501,1000,1.365473
5501,1000,1.296666
5501,1000,1.211370
5501,1000,1.326579
5501,1000,1.323815
5501,1000,1.376633
5501,1000,1.139743
5501,1000,1.138676
5501,1000,1.260206
5601,1000,1.365196
5601,1000,1.432078
5601,1000,1.357811
5601,1000,1.212850
5601,1000,1.303428
5601,1000,1.272318
5601,1000,1.192806
5601,1000,1.307509
5601,1000,1.347447
5601,1000,1.372367
5601,1000,1.328425
5601,1000,1.414739
5601,1000,1.237485
5601,1000,1.262505
5601,1000,1.301147
5601,1000,1.225883
5601,1000,1.331906
5601,1000,1.220345
5601,1000,1.244475
5701,1000,1.234502
5701,1000,1.560124
5701,1000,1.341864
5701,1000,1.233959
5701,1000,1.460085
5701,1000,1.234280
5701,1000,1.291522
5701,1000,1.429630
5701,1000,1.413738
5701,1000,1.286904
5701,1000,1.286588
5701,1000,1.246401
5701,1000,1.455457
5701,1000,1.427650
5701,1000,1.564317
5701,1000,1.190126
5701,1000,1.458937
5701,1000,1.097190
5701,1000,1.290483
5801,1000,1.285723
5801,1000,1.384889
5801,1000,1.574530
5801,1000,1.254574
5801,1000,1.380944
5801,1000,1.545089
5801,1000,1.327617
5801,1000,1.330582
5801,1000,1.294554
5801,1000,1.841059
5801,1000,1.268333
5801,1000,1.273545
5801,1000,1.305365
5801,1000,1.245881
5801,1000,1.430009
5801,1000,1.528241
5801,1000,1.513519
5801,1000,1.276934
5801,1000,1.341255
5901,1000,1.547668
5901,1000,1.515033
5901,1000,1.322254
5901,1000,1.374003
5901,1000,1.369007
5901,1000,1.337453
5901,1000,1.304663
5901,1000,1.402971
5901,1000,1.291966
5901,1000,1.591165
5901,1000,1.471797
5901,1000,1.390292
5901,1000,1.371602
5901,1000,1.577631
5901,1000,1.549717
5901,1000,1.700877
5901,1000,1.474024
6001,1000,1.665445
6001,1000,1.328638
6001,1000,1.370907
6001,1000,1.681104
6001,1000,1.466652
6001,1000,1.479746
6001,1000,1.405572
6001,1000,1.532443
6001,1000,1.474082
6001,1000,1.509756
6001,1000,1.540157
6001,1000,1.549728
6001,1000,1.495090
6001,1000,1.629198
6001,1000,1.514008
6001,1000,1.294820
6001,1000,1.311007
6001,1000,1.569109
6001,1000,1.517302
6101,1000,1.638855
6101,1000,1.560601
6101,1000,1.464397
6101,1000,1.694053
6101,1000,1.877198
6101,1000,1.558837
6101,1000,1.453679
6101,1000,1.639686
6101,1000,1.435976
6101,1000,1.428405
6101,1000,1.496574
6101,1000,1.408300
6101,1000,1.525836
6101,1000,1.547229
6101,1000,1.651975
6101,1000,1.435898
6101,1000,1.563337
6201,1000,1.585807
6201,1000,1.549531
6201,1000,1.483323
6201,1000,1.727961
6201,1000,1.388581
6201,1000,1.647552
6201,1000,1.506135
6201,1000,1.631307
6201,1000,1.672294
6201,1000,1.557904
6201,1000,1.648793
6201,1000,1.414504
6201,1000,1.442204
6201,1000,1.739333
6201,1000,1.863550
6201,1000,1.889655
6201,1000,1.725571
6201,1000,1.526883
6201,1000,1.654685
6301,1000,1.514409
6301,1000,1.876178
6301,1000,1.556393
6301,1000,1.448306
6301,1000,1.897402
6301,1000,1.668467
6301,1000,1.402942
6301,1000,1.579817
6301,1000,1.749630
6301,1000,1.654351
6301,1000,1.511610
6301,1000,1.609343
6301,1000,1.444729
6301,1000,1.558449
6301,1000,1.700689
6301,1000,1.370046
6301,1000,1.644366
6401,1000,1.636478
6401,1000,1.985461
6401,1000,1.679981
6401,1000,1.723998
6401,1000,1.715793
6401,1000,1.547562
6401,1000,1.508279
6401,1000,1.621093
6401,1000,1.549726
6401,1000,1.826376
6401,1000,1.591095
6401,1000,1.480021
6401,1000,1.648349
6401,1000,1.550372
6401,1000,1.562647
6401,1000,1.768634
6401,1000,1.549914
6401,1000,1.758874
6401,1000,1.610154
6501,1000,1.406059
6501,1000,1.611938
6501,1000,1.775350
6501,1000,1.686018
6501,1000,1.479097
6501,1000,1.821954
6501,1000,1.541658
6501,1000,1.495946
6501,1000,1.524850
6501,1000,1.511987
6501,1000,1.444962
6501,1000,1.427118
6501,1000,1.930596
6501,1000,1.735559
6501,1000,1.592724
6501,1000,1.442213
6501,1000,1.757211
6601,1000,1.621620
6601,1000,1.582884
6601,1000,1.606275
6601,1000,1.796636
6601,1000,1.733727
6601,1000,1.744087
6601,1000,1.592346
6601,1000,1.514436
6601,1000,1.743350
6601,1000,1.832888
6601,1000,1.825089
6601,1000,1.758936
6601,1000,1.817151
6601,1000,1.963520
6601,1000,1.526030
6601,1000,1.666944
6601,1000,1.580398
6701,1000,1.691875
6701,1000,1.580290
6701,1000,1.685523
6701,1000,1.811984
6701,1000,1.763376
6701,1000,1.544930
6701,1000,1.723838
6701,1000,2.108499
6701,1000,1.879505
6701,1000,1.590206
6701,1000,1.584636
6701,1000,1.600687
6701,1000,1.723300
6701,1000,1.809383
6701,1000,1.863304
6701,1000,1.907677
6801,1000,1.732909
6801,1000,1.741418
6801,1000,1.907111
6801,1000,1.624945
6801,1000,1.678875
6801,1000,1.953304
6801,1000,1.640455
6801,1000,1.663668
6801,1000,1.857508
6801,1000,1.697564
6801,1000,1.775985
6801,1000,1.848008
6801,1000,1.837578
6801,1000,1.784930
6801,1000,1.735555
6801,1000,1.619994
6901,1000,1.885221
6901,1000,1.736501
6901,1000,1.894491
6901,1000,1.638073
6901,1000,1.884379
6901,1000,2.109609
6901,1000,1.945200
6901,1000,1.711019
6901,1000,1.829204
6901,1000,1.846543
6901,1000,1.668575
6901,1000,1.962633
6901,1000,1.775821
6901,1000,1.767405
7001,1000,1.712820
7001,1000,1.771191
7001,1000,1.876607
7001,1000,1.811507
7001,1000,1.933092
7001,1000,1.863591
7001,1000,1.920590
7001,1000,2.090418
7001,1000,1.862382
7001,1000,1.918271
7001,1000,2.018528
7001,1000,1.920922
7001,1000,1.675905
7001,1000,1.986548
7001,1000,1.706538
7001,1000,1.853627
7001,1000,1.833651
7001,1000,1.712339
7101,1000,1.790940
7101,1000,1.895672
7101,1000,1.782195
7101,1000,1.938609
7101,1000,1.882846
7101,1000,1.804645
7101,1000,2.124600
7101,1000,2.048198
7101,1000,2.030834
7101,1000,1.814944
7101,1000,2.000561
7101,1000,2.201179
7101,1000,1.910437
7101,1000,1.887673
7101,1000,1.681151
7201,1000,2.279073
7201,1000,2.043399
7201,1000,1.878796
7201,1000,2.136014
7201,1000,1.610172
7201,1000,1.804963
7201,1000,1.918492
7201,1000,1.786022
7201,1000,1.996313
7201,1000,2.118874
7201,1000,2.044544
7201,1000,2.016984
7301,1000,2.091352
7301,1000,2.032908
7301,1000,2.308382
7301,1000,1.992907
7301,1000,2.008066
7301,1000,2.073722
7301,1000,1.931885
7301,1000,1.840178
7301,1000,2.017610
7301,1000,2.033104
7301,1000,2.065342
7301,1000,2.127439

