m, n, threads, time, flops
1000, 1000, 1  6.826377e-01,  1.759352e+09 
1000, 1000, 2  3.955209e-01,  3.036502e+09 
1000, 1000, 3  4.474396e-01,  2.684161e+09 
1000, 1000, 4  2.653890e-01,  4.525433e+09 
1000, 1000, 5  2.055815e-01,  5.841964e+09 
1000, 1000, 6  2.150876e-01,  5.583772e+09 
1000, 1000, 7  1.553015e-01,  7.733345e+09 
1000, 1000, 8  2.181038e-01,  5.506552e+09 
1000, 1000, 9  1.281955e-01,  9.368503e+09 
1000, 1000, 10  2.255200e-01,  5.325470e+09 
1000, 1000, 11  1.210887e-01,  9.918348e+09 
1000, 1000, 12  2.177294e-01,  5.516022e+09 
1000, 1000, 13  1.153518e-01,  1.041163e+10 
1000, 1000, 14  1.976961e-01,  6.074980e+09 
1000, 1000, 15  1.792525e-01,  6.700047e+09 
1000, 1000, 16  1.993430e-01,  6.024791e+09 
1000, 1000, 17  1.510764e-01,  7.949623e+09 
1000, 1000, 18  2.242760e-01,  5.355009e+09 
1000, 1000, 19  1.457568e-01,  8.239754e+09 
1000, 1000, 20  1.281177e-01,  9.374192e+09 
1000, 1000, 21  1.565613e-01,  7.671115e+09 
1000, 1000, 22  1.271196e-01,  9.447792e+09 
1000, 1000, 23  1.584583e-01,  7.579280e+09 
1000, 1000, 24  1.625769e-01,  7.387276e+09 
1000, 1000, 25  1.715608e-01,  7.000434e+09 
1000, 1000, 1  6.972197e-01,  1.722556e+09 
1000, 1000, 2  4.393804e-01,  2.733394e+09 
1000, 1000, 3  3.957102e-01,  3.035049e+09 
1000, 1000, 4  2.638576e-01,  4.551697e+09 
1000, 1000, 5  2.166499e-01,  5.543506e+09 
1000, 1000, 6  2.240467e-01,  5.360490e+09 
1000, 1000, 7  1.542410e-01,  7.786517e+09 
1000, 1000, 8  2.118060e-01,  5.670283e+09 
1000, 1000, 9  1.250130e-01,  9.606998e+09 
1000, 1000, 10  2.099049e-01,  5.721638e+09 
1000, 1000, 11  1.479315e-01,  8.118620e+09 
1000, 1000, 12  2.217985e-01,  5.414825e+09 
1000, 1000, 13  1.251466e-01,  9.596748e+09 
1000, 1000, 14  2.124024e-01,  5.654361e+09 
1000, 1000, 15  1.602873e-01,  7.492797e+09 
1000, 1000, 16  2.181492e-01,  5.505407e+09 
1000, 1000, 17  1.260239e-01,  9.529936e+09 
1000, 1000, 18  1.923316e-01,  6.244422e+09 
1000, 1000, 19  1.597956e-01,  7.515850e+09 
1000, 1000, 20  1.255762e-01,  9.563918e+09 
1000, 1000, 21  1.656540e-01,  7.250050e+09 
1000, 1000, 22  1.329490e-01,  9.033540e+09 
1000, 1000, 23  1.167366e-01,  1.028812e+10 
1000, 1000, 24  1.298642e-01,  9.248121e+09 
1000, 1000, 25  1.736603e-01,  6.915799e+09 
1000, 1000, 1  6.845599e-01,  1.754412e+09 
1000, 1000, 2  4.353257e-01,  2.758854e+09 
1000, 1000, 3  4.336852e-01,  2.769290e+09 
1000, 1000, 4  2.625555e-01,  4.574272e+09 
1000, 1000, 5  2.098076e-01,  5.724293e+09 
1000, 1000, 6  2.273016e-01,  5.283729e+09 
1000, 1000, 7  1.484573e-01,  8.089866e+09 
1000, 1000, 8  2.149217e-01,  5.588082e+09 
1000, 1000, 9  1.289515e-01,  9.313579e+09 
1000, 1000, 10  1.972342e-01,  6.089209e+09 
1000, 1000, 11  2.336557e-01,  5.140040e+09 
1000, 1000, 12  1.967536e-01,  6.104081e+09 
1000, 1000, 13  1.263613e-01,  9.504491e+09 
1000, 1000, 14  2.051094e-01,  5.855413e+09 
1000, 1000, 15  1.621090e-01,  7.408595e+09 
1000, 1000, 16  1.914724e-01,  6.272444e+09 
1000, 1000, 17  1.398727e-01,  8.586378e+09 
1000, 1000, 18  1.897915e-01,  6.327995e+09 
1000, 1000, 19  1.538490e-01,  7.806358e+09 
1000, 1000, 20  1.439065e-01,  8.345698e+09 
1000, 1000, 21  1.780087e-01,  6.746861e+09 
1000, 1000, 22  1.467665e-01,  8.183066e+09 
1000, 1000, 23  1.465583e-01,  8.194691e+09 
1000, 1000, 24  1.210969e-01,  9.917674e+09 
1000, 1000, 25  1.832932e-01,  6.552342e+09 
1000, 1000, 1  6.924935e-01,  1.734312e+09 
1000, 1000, 2  4.024205e-01,  2.984441e+09 
1000, 1000, 3  4.392553e-01,  2.734173e+09 
1000, 1000, 4  2.677687e-01,  4.485215e+09 
1000, 1000, 5  2.046102e-01,  5.869697e+09 
1000, 1000, 6  2.473336e-01,  4.855790e+09 
1000, 1000, 7  1.468834e-01,  8.176554e+09 
1000, 1000, 8  2.051750e-01,  5.853538e+09 
1000, 1000, 9  1.236339e-01,  9.714164e+09 
1000, 1000, 10  2.080415e-01,  5.772888e+09 
1000, 1000, 11  1.197010e-01,  1.003333e+10 
1000, 1000, 12  2.164052e-01,  5.549773e+09 
1000, 1000, 13  1.260103e-01,  9.530967e+09 
1000, 1000, 14  2.066854e-01,  5.810763e+09 
1000, 1000, 15  1.257617e-01,  9.549805e+09 
1000, 1000, 16  1.962049e-01,  6.121153e+09 
1000, 1000, 17  1.387950e-01,  8.653052e+09 
1000, 1000, 18  2.146177e-01,  5.595996e+09 
1000, 1000, 19  1.549376e-01,  7.751507e+09 
1000, 1000, 20  1.255274e-01,  9.567630e+09 
1000, 1000, 21  1.706614e-01,  7.037326e+09 
1000, 1000, 22  1.445120e-01,  8.310731e+09 
1000, 1000, 23  1.660660e-01,  7.232064e+09 
1000, 1000, 24  1.544928e-01,  7.773826e+09 
1000, 1000, 25  1.613807e-01,  7.442029e+09 
1000, 1000, 1  6.715904e-01,  1.788292e+09 
1000, 1000, 2  4.406581e-01,  2.725469e+09 
1000, 1000, 3  4.186062e-01,  2.869045e+09 
1000, 1000, 4  2.669146e-01,  4.499566e+09 
1000, 1000, 5  2.210040e-01,  5.434290e+09 
1000, 1000, 6  2.164479e-01,  5.548681e+09 
1000, 1000, 7  1.538688e-01,  7.805352e+09 
1000, 1000, 8  2.206280e-01,  5.443552e+09 
1000, 1000, 9  1.252170e-01,  9.591349e+09 
1000, 1000, 10  2.022605e-01,  5.937886e+09 
1000, 1000, 11  1.222354e-01,  9.825304e+09 
1000, 1000, 12  2.119335e-01,  5.666872e+09 
1000, 1000, 13  1.183155e-01,  1.015083e+10 
1000, 1000, 14  2.350165e-01,  5.110280e+09 
1000, 1000, 15  1.523468e-01,  7.883329e+09 
1000, 1000, 16  1.898646e-01,  6.325560e+09 
1000, 1000, 17  1.491714e-01,  8.051139e+09 
1000, 1000, 18  2.059207e-01,  5.832342e+09 
1000, 1000, 19  1.807318e-01,  6.645207e+09 
1000, 1000, 20  1.425754e-01,  8.423615e+09 
1000, 1000, 21  1.651504e-01,  7.272157e+09 
1000, 1000, 22  1.500038e-01,  8.006466e+09 
1000, 1000, 23  1.603361e-01,  7.490517e+09 
1000, 1000, 24  1.460226e-01,  8.224755e+09 
1000, 1000, 25  1.711952e-01,  7.015383e+09 
1000, 1000, 1  6.876536e-01,  1.746519e+09 
1000, 1000, 2  4.336245e-01,  2.769677e+09 
1000, 1000, 3  3.627902e-01,  3.310453e+09 
1000, 1000, 4  2.764462e-01,  4.344426e+09 
1000, 1000, 5  2.025577e-01,  5.929175e+09 
1000, 1000, 6  2.004000e-01,  5.993013e+09 
1000, 1000, 7  1.516007e-01,  7.922129e+09 
1000, 1000, 8  2.153941e-01,  5.575825e+09 
1000, 1000, 9  1.202749e-01,  9.985461e+09 
1000, 1000, 10  2.066054e-01,  5.813013e+09 
1000, 1000, 11  1.172072e-01,  1.024681e+10 
1000, 1000, 12  2.135379e-01,  5.624294e+09 
1000, 1000, 13  1.584867e-01,  7.577925e+09 
1000, 1000, 14  2.026721e-01,  5.925827e+09 
1000, 1000, 15  1.574872e-01,  7.626018e+09 
1000, 1000, 16  1.888969e-01,  6.357966e+09 
1000, 1000, 17  1.701147e-01,  7.059943e+09 
1000, 1000, 18  2.065929e-01,  5.813365e+09 
1000, 1000, 19  1.679074e-01,  7.152752e+09 
1000, 1000, 20  2.046605e-01,  5.868256e+09 
1000, 1000, 21  1.687450e-01,  7.117248e+09 
1000, 1000, 22  1.205585e-01,  9.961972e+09 
1000, 1000, 23  1.627070e-01,  7.381366e+09 
1000, 1000, 24  1.385035e-01,  8.671259e+09 
1000, 1000, 25  1.700988e-01,  7.060602e+09 
1000, 1000, 1  6.899354e-01,  1.740743e+09 
1000, 1000, 2  4.042113e-01,  2.971218e+09 
1000, 1000, 3  4.409696e-01,  2.723544e+09 
1000, 1000, 4  2.679661e-01,  4.481910e+09 
1000, 1000, 5  2.361802e-01,  5.085100e+09 
1000, 1000, 6  2.198736e-01,  5.462229e+09 
1000, 1000, 7  1.473233e-01,  8.152139e+09 
1000, 1000, 8  2.090460e-01,  5.745146e+09 
1000, 1000, 9  1.204182e-01,  9.973576e+09 
1000, 1000, 10  1.853141e-01,  6.480888e+09 
1000, 1000, 11  1.172682e-01,  1.024148e+10 
1000, 1000, 12  2.007037e-01,  5.983946e+09 
1000, 1000, 13  1.963321e-01,  6.117185e+09 
1000, 1000, 14  2.058925e-01,  5.833141e+09 
1000, 1000, 15  1.164755e-01,  1.031118e+10 
1000, 1000, 16  2.370932e-01,  5.065518e+09 
1000, 1000, 17  1.746811e-01,  6.875385e+09 
1000, 1000, 18  2.265739e-01,  5.300699e+09 
1000, 1000, 19  1.462896e-01,  8.209745e+09 
1000, 1000, 20  1.181776e-01,  1.016267e+10 
1000, 1000, 21  1.527455e-01,  7.862750e+09 
1000, 1000, 22  1.262533e-01,  9.512626e+09 
1000, 1000, 23  1.538962e-01,  7.803961e+09 
1000, 1000, 24  1.274253e-01,  9.425131e+09 
1000, 1000, 25  1.633653e-01,  7.351625e+09 
1000, 1000, 1  6.896939e-01,  1.741352e+09 
1000, 1000, 2  4.291982e-01,  2.798241e+09 
1000, 1000, 3  4.246785e-01,  2.828022e+09 
1000, 1000, 4  2.630836e-01,  4.565089e+09 
1000, 1000, 5  2.441003e-01,  4.920109e+09 
1000, 1000, 6  2.317515e-01,  5.182274e+09 
1000, 1000, 7  1.505914e-01,  7.975221e+09 
1000, 1000, 8  2.191473e-01,  5.480332e+09 
1000, 1000, 9  1.220335e-01,  9.841560e+09 
1000, 1000, 10  2.101752e-01,  5.714279e+09 
1000, 1000, 11  1.117148e-01,  1.075059e+10 
1000, 1000, 12  2.017625e-01,  5.952544e+09 
1000, 1000, 13  1.418838e-01,  8.464675e+09 
1000, 1000, 14  1.909735e-01,  6.288831e+09 
1000, 1000, 15  1.961049e-01,  6.124275e+09 
1000, 1000, 16  1.977731e-01,  6.072616e+09 
1000, 1000, 17  1.465686e-01,  8.194114e+09 
1000, 1000, 18  2.061316e-01,  5.826374e+09 
1000, 1000, 19  1.754466e-01,  6.845389e+09 
1000, 1000, 20  1.239607e-01,  9.688555e+09 
1000, 1000, 21  1.576955e-01,  7.615944e+09 
1000, 1000, 22  1.223772e-01,  9.813916e+09 
1000, 1000, 23  1.545624e-01,  7.770325e+09 
1000, 1000, 24  1.199773e-01,  1.001023e+10 
1000, 1000, 25  1.684679e-01,  7.128956e+09 
1000, 1000, 1  6.822989e-01,  1.760226e+09 
1000, 1000, 2  3.964736e-01,  3.029205e+09 
1000, 1000, 3  4.420369e-01,  2.716968e+09 
1000, 1000, 4  2.620975e-01,  4.582264e+09 
1000, 1000, 5  2.170453e-01,  5.533408e+09 
1000, 1000, 6  2.098713e-01,  5.722554e+09 
1000, 1000, 7  1.459299e-01,  8.229978e+09 
1000, 1000, 8  2.045618e-01,  5.871086e+09 
1000, 1000, 9  1.245043e-01,  9.646253e+09 
1000, 1000, 10  1.868055e-01,  6.429148e+09 
1000, 1000, 11  1.173662e-01,  1.023293e+10 
1000, 1000, 12  1.960710e-01,  6.125332e+09 
1000, 1000, 13  1.280118e-01,  9.381947e+09 
1000, 1000, 14  2.263688e-01,  5.305502e+09 
1000, 1000, 15  2.146003e-01,  5.596452e+09 
1000, 1000, 16  1.923426e-01,  6.244066e+09 
1000, 1000, 17  1.318930e-01,  9.105868e+09 
1000, 1000, 18  2.120081e-01,  5.664877e+09 
1000, 1000, 19  1.588231e-01,  7.561872e+09 
1000, 1000, 20  1.206488e-01,  9.954515e+09 
1000, 1000, 21  1.029902e-01,  1.166130e+10 
1000, 1000, 22  1.196087e-01,  1.004108e+10 
1000, 1000, 23  1.917661e-01,  6.262838e+09 
1000, 1000, 24  1.232837e-01,  9.741759e+09 
1000, 1000, 25  1.603745e-01,  7.488723e+09 
1000, 1000, 1  6.939555e-01,  1.730658e+09 
1000, 1000, 2  4.184151e-01,  2.870355e+09 
1000, 1000, 3  4.031078e-01,  2.979352e+09 
1000, 1000, 4  2.581897e-01,  4.651619e+09 
1000, 1000, 5  2.065360e-01,  5.814967e+09 
1000, 1000, 6  2.172862e-01,  5.527273e+09 
1000, 1000, 7  1.512324e-01,  7.941418e+09 
1000, 1000, 8  2.197552e-01,  5.465171e+09 
1000, 1000, 9  1.239986e-01,  9.685592e+09 
1000, 1000, 10  2.001479e-01,  6.000561e+09 
1000, 1000, 11  1.214626e-01,  9.887819e+09 
1000, 1000, 12  1.787781e-01,  6.717825e+09 
1000, 1000, 13  1.258808e-01,  9.540770e+09 
1000, 1000, 14  2.378729e-01,  5.048915e+09 
1000, 1000, 15  1.718274e-01,  6.989573e+09 
1000, 1000, 16  1.956095e-01,  6.139783e+09 
1000, 1000, 17  1.732136e-01,  6.933636e+09 
1000, 1000, 18  2.144545e-01,  5.600257e+09 
1000, 1000, 19  1.725692e-01,  6.959527e+09 
1000, 1000, 20  2.057609e-01,  5.836872e+09 
1000, 1000, 21  1.516134e-01,  7.921463e+09 
1000, 1000, 22  1.296002e-01,  9.266961e+09 
1000, 1000, 23  1.553339e-01,  7.731731e+09 
1000, 1000, 24  1.280015e-01,  9.382702e+09 
1000, 1000, 25  1.751585e-01,  6.856648e+09 
100, 100, 1  1.189707e-02,  1.009492e+09 
100, 100, 2  7.023014e-03,  1.710092e+09 
100, 100, 3  4.705155e-03,  2.552520e+09 
100, 100, 4  4.111048e-03,  2.921396e+09 
100, 100, 5  3.455611e-03,  3.475507e+09 
100, 100, 6  3.233600e-03,  3.714127e+09 
100, 100, 7  3.135259e-03,  3.830625e+09 
100, 100, 8  2.890577e-03,  4.154880e+09 
100, 100, 9  2.749113e-03,  4.368682e+09 
100, 100, 10  2.728399e-03,  4.401849e+09 
100, 100, 11  2.726029e-03,  4.405676e+09 
100, 100, 12  3.003464e-03,  3.998716e+09 
100, 100, 13  2.935184e-03,  4.091737e+09 
100, 100, 14  3.139262e-03,  3.825740e+09 
100, 100, 15  3.525767e-03,  3.406351e+09 
100, 100, 16  3.150375e-03,  3.812245e+09 
100, 100, 17  3.411949e-03,  3.519982e+09 
100, 100, 18  3.424060e-03,  3.507532e+09 
100, 100, 19  3.643068e-03,  3.296672e+09 
100, 100, 20  3.407125e-03,  3.524966e+09 
100, 100, 21  3.802468e-03,  3.158475e+09 
100, 100, 22  3.920469e-03,  3.063409e+09 
100, 100, 23  4.163567e-03,  2.884546e+09 
100, 100, 24  3.982189e-03,  3.015929e+09 
100, 100, 25  4.075969e-03,  2.946539e+09 
100, 100, 1  1.180726e-02,  1.017171e+09 
100, 100, 2  6.601372e-03,  1.819319e+09 
100, 100, 3  4.698827e-03,  2.555957e+09 
100, 100, 4  3.893357e-03,  3.084742e+09 
100, 100, 5  3.487832e-03,  3.443400e+09 
100, 100, 6  3.152531e-03,  3.809637e+09 
100, 100, 7  3.033279e-03,  3.959412e+09 
100, 100, 8  2.892250e-03,  4.152476e+09 
100, 100, 9  2.765612e-03,  4.342619e+09 
100, 100, 10  2.815168e-03,  4.266175e+09 
100, 100, 11  2.889679e-03,  4.156171e+09 
100, 100, 12  2.914158e-03,  4.121259e+09 
100, 100, 13  2.907212e-03,  4.131106e+09 
100, 100, 14  3.078931e-03,  3.900704e+09 
100, 100, 15  2.878493e-03,  4.172322e+09 
100, 100, 16  3.230049e-03,  3.718210e+09 
100, 100, 17  3.189107e-03,  3.765945e+09 
100, 100, 18  3.387879e-03,  3.544991e+09 
100, 100, 19  3.600407e-03,  3.335734e+09 
100, 100, 20  3.497630e-03,  3.433754e+09 
100, 100, 21  3.780469e-03,  3.176855e+09 
100, 100, 22  3.799168e-03,  3.161218e+09 
100, 100, 23  4.076806e-03,  2.945934e+09 
100, 100, 24  4.382025e-03,  2.740742e+09 
100, 100, 25  4.151624e-03,  2.892844e+09 
100, 100, 1  1.115418e-02,  1.076726e+09 
100, 100, 2  6.555364e-03,  1.832087e+09 
100, 100, 3  4.757708e-03,  2.524325e+09 
100, 100, 4  3.841523e-03,  3.126364e+09 
100, 100, 5  3.484444e-03,  3.446748e+09 
100, 100, 6  3.113867e-03,  3.856941e+09 
100, 100, 7  2.931717e-03,  4.096575e+09 
100, 100, 8  2.811869e-03,  4.271180e+09 
100, 100, 9  2.866263e-03,  4.190125e+09 
100, 100, 10  2.723418e-03,  4.409900e+09 
100, 100, 11  2.791284e-03,  4.302679e+09 
100, 100, 12  2.848421e-03,  4.216371e+09 
100, 100, 13  3.058432e-03,  3.926849e+09 
100, 100, 14  3.130722e-03,  3.836176e+09 
100, 100, 15  2.984504e-03,  4.024119e+09 
100, 100, 16  3.055769e-03,  3.930271e+09 
100, 100, 17  3.251868e-03,  3.693262e+09 
100, 100, 18  3.323706e-03,  3.613436e+09 
100, 100, 19  3.595843e-03,  3.339968e+09 
100, 100, 20  3.479394e-03,  3.451751e+09 
100, 100, 21  3.777683e-03,  3.179197e+09 
100, 100, 22  3.891533e-03,  3.086187e+09 
100, 100, 23  4.225784e-03,  2.842076e+09 
100, 100, 24  4.235769e-03,  2.835377e+09 
100, 100, 25  4.385524e-03,  2.738555e+09 
100, 100, 1  1.239235e-02,  9.691466e+08 
100, 100, 2  6.919881e-03,  1.735579e+09 
100, 100, 3  4.708768e-03,  2.550561e+09 
100, 100, 4  3.859611e-03,  3.111713e+09 
100, 100, 5  3.675427e-03,  3.267648e+09 
100, 100, 6  3.199276e-03,  3.753974e+09 
100, 100, 7  3.043341e-03,  3.946321e+09 
100, 100, 8  2.898316e-03,  4.143786e+09 
100, 100, 9  2.756732e-03,  4.356608e+09 
100, 100, 10  2.749795e-03,  4.367598e+09 
100, 100, 11  2.797612e-03,  4.292947e+09 
100, 100, 12  2.887584e-03,  4.159186e+09 
100, 100, 13  2.942963e-03,  4.080921e+09 
100, 100, 14  2.988283e-03,  4.019030e+09 
100, 100, 15  2.880605e-03,  4.169263e+09 
100, 100, 16  3.323202e-03,  3.613984e+09 
100, 100, 17  3.443254e-03,  3.487980e+09 
100, 100, 18  3.547025e-03,  3.385936e+09 
100, 100, 19  3.567362e-03,  3.366633e+09 
100, 100, 20  3.754303e-03,  3.198996e+09 
100, 100, 21  3.639679e-03,  3.299742e+09 
100, 100, 22  3.898215e-03,  3.080897e+09 
100, 100, 23  4.038831e-03,  2.973633e+09 
100, 100, 24  4.326656e-03,  2.775816e+09 
100, 100, 25  4.301853e-03,  2.791820e+09 
100, 100, 1  1.184628e-02,  1.013820e+09 
100, 100, 2  6.952359e-03,  1.727471e+09 
100, 100, 3  4.758958e-03,  2.523662e+09 
100, 100, 4  3.945258e-03,  3.044161e+09 
100, 100, 5  3.414857e-03,  3.516985e+09 
100, 100, 6  3.094528e-03,  3.881044e+09 
100, 100, 7  3.017022e-03,  3.980747e+09 
100, 100, 8  2.933492e-03,  4.094097e+09 
100, 100, 9  2.818556e-03,  4.261047e+09 
100, 100, 10  2.787162e-03,  4.309043e+09 
100, 100, 11  2.822251e-03,  4.255468e+09 
100, 100, 12  2.839266e-03,  4.229966e+09 
100, 100, 13  2.938614e-03,  4.086961e+09 
100, 100, 14  2.860293e-03,  4.198871e+09 
100, 100, 15  3.060779e-03,  3.923838e+09 
100, 100, 16  3.298521e-03,  3.641026e+09 
100, 100, 17  3.251120e-03,  3.694112e+09 
100, 100, 18  3.494500e-03,  3.436829e+09 
100, 100, 19  3.655047e-03,  3.285867e+09 
100, 100, 20  3.582053e-03,  3.352826e+09 
100, 100, 21  3.910147e-03,  3.071496e+09 
100, 100, 22  3.896102e-03,  3.082568e+09 
100, 100, 23  4.044046e-03,  2.969798e+09 
100, 100, 24  4.269227e-03,  2.813156e+09 
100, 100, 25  4.480359e-03,  2.680589e+09 
100, 100, 1  1.058116e-02,  1.135036e+09 
100, 100, 2  6.993401e-03,  1.717333e+09 
100, 100, 3  4.736456e-03,  2.535651e+09 
100, 100, 4  3.986463e-03,  3.012696e+09 
100, 100, 5  3.317768e-03,  3.619904e+09 
100, 100, 6  3.134948e-03,  3.831005e+09 
100, 100, 7  3.028808e-03,  3.965256e+09 
100, 100, 8  2.953508e-03,  4.066351e+09 
100, 100, 9  2.745653e-03,  4.374187e+09 
100, 100, 10  2.713287e-03,  4.426366e+09 
100, 100, 11  2.645447e-03,  4.539875e+09 
100, 100, 12  3.006025e-03,  3.995309e+09 
100, 100, 13  2.895022e-03,  4.148500e+09 
100, 100, 14  2.709011e-03,  4.433352e+09 
100, 100, 15  2.871095e-03,  4.183073e+09 
100, 100, 16  2.913402e-03,  4.122328e+09 
100, 100, 17  3.151173e-03,  3.811279e+09 
100, 100, 18  3.452063e-03,  3.479079e+09 
100, 100, 19  3.499369e-03,  3.432047e+09 
100, 100, 20  3.811906e-03,  3.150655e+09 
100, 100, 21  3.670379e-03,  3.272142e+09 
100, 100, 22  3.865029e-03,  3.107351e+09 
100, 100, 23  4.154844e-03,  2.890602e+09 
100, 100, 24  4.148527e-03,  2.895003e+09 
100, 100, 25  4.062515e-03,  2.956297e+09 
100, 100, 1  8.800349e-03,  1.364719e+09 
100, 100, 2  6.911562e-03,  1.737668e+09 
100, 100, 3  4.734862e-03,  2.536505e+09 
100, 100, 4  3.891360e-03,  3.086325e+09 
100, 100, 5  3.340565e-03,  3.595200e+09 
100, 100, 6  3.147567e-03,  3.815646e+09 
100, 100, 7  3.131652e-03,  3.835037e+09 
100, 100, 8  2.899752e-03,  4.141733e+09 
100, 100, 9  2.753893e-03,  4.361099e+09 
100, 100, 10  2.818791e-03,  4.260692e+09 
100, 100, 11  2.745200e-03,  4.374909e+09 
100, 100, 12  2.888312e-03,  4.158138e+09 
100, 100, 13  2.988567e-03,  4.018648e+09 
100, 100, 14  3.008738e-03,  3.991707e+09 
100, 100, 15  2.929313e-03,  4.099937e+09 
100, 100, 16  3.271750e-03,  3.670818e+09 
100, 100, 17  3.368082e-03,  3.565828e+09 
100, 100, 18  3.419098e-03,  3.512622e+09 
100, 100, 19  3.707541e-03,  3.239344e+09 
100, 100, 20  3.436116e-03,  3.495225e+09 
100, 100, 21  3.776523e-03,  3.180174e+09 
100, 100, 22  4.890759e-03,  2.455652e+09 
100, 100, 23  4.234593e-03,  2.836164e+09 
100, 100, 24  4.173570e-03,  2.877632e+09 
100, 100, 25  4.345387e-03,  2.763850e+09 
100, 100, 1  1.226451e-02,  9.792487e+08 
100, 100, 2  6.563953e-03,  1.829690e+09 
100, 100, 3  4.811499e-03,  2.496104e+09 
100, 100, 4  4.026598e-03,  2.982667e+09 
100, 100, 5  3.510127e-03,  3.421529e+09 
100, 100, 6  3.254937e-03,  3.689780e+09 
100, 100, 7  2.874090e-03,  4.178714e+09 
100, 100, 8  2.908482e-03,  4.129302e+09 
100, 100, 9  2.824581e-03,  4.251958e+09 
100, 100, 10  2.683458e-03,  4.475568e+09 
100, 100, 11  2.815344e-03,  4.265909e+09 
100, 100, 12  3.039168e-03,  3.951739e+09 
100, 100, 13  3.000080e-03,  4.003227e+09 
100, 100, 14  3.052954e-03,  3.933895e+09 
100, 100, 15  3.058124e-03,  3.927244e+09 
100, 100, 16  3.251353e-03,  3.693847e+09 
100, 100, 17  3.285689e-03,  3.655246e+09 
100, 100, 18  3.446262e-03,  3.484935e+09 
100, 100, 19  3.968526e-03,  3.026313e+09 
100, 100, 20  3.489538e-03,  3.441716e+09 
100, 100, 21  3.852729e-03,  3.117271e+09 
100, 100, 22  3.769025e-03,  3.186500e+09 
100, 100, 23  4.113100e-03,  2.919939e+09 
100, 100, 24  4.182991e-03,  2.871151e+09 
100, 100, 25  4.390238e-03,  2.735615e+09 
100, 100, 1  1.250297e-02,  9.605717e+08 
100, 100, 2  7.064879e-03,  1.699958e+09 
100, 100, 3  4.775730e-03,  2.514799e+09 
100, 100, 4  3.990155e-03,  3.009908e+09 
100, 100, 5  3.493842e-03,  3.437477e+09 
100, 100, 6  3.185986e-03,  3.769634e+09 
100, 100, 7  3.052880e-03,  3.933990e+09 
100, 100, 8  2.912107e-03,  4.124162e+09 
100, 100, 9  2.896260e-03,  4.146727e+09 
100, 100, 10  2.739145e-03,  4.384580e+09 
100, 100, 11  2.765373e-03,  4.342995e+09 
100, 100, 12  2.923928e-03,  4.107488e+09 
100, 100, 13  2.975048e-03,  4.036910e+09 
100, 100, 14  3.052230e-03,  3.934828e+09 
100, 100, 15  2.933228e-03,  4.094465e+09 
100, 100, 16  3.316514e-03,  3.621272e+09 
100, 100, 17  3.229574e-03,  3.718757e+09 
100, 100, 18  3.510502e-03,  3.421163e+09 
100, 100, 19  3.534874e-03,  3.397575e+09 
100, 100, 20  3.457867e-03,  3.473239e+09 
100, 100, 21  3.592533e-03,  3.343045e+09 
100, 100, 22  3.799058e-03,  3.161310e+09 
100, 100, 23  4.103268e-03,  2.926935e+09 
100, 100, 24  4.301108e-03,  2.792304e+09 
100, 100, 25  4.319742e-03,  2.780259e+09 
100, 100, 1  8.767750e-03,  1.369793e+09 
100, 100, 2  6.475309e-03,  1.854738e+09 
100, 100, 3  4.731869e-03,  2.538109e+09 
100, 100, 4  3.841490e-03,  3.126391e+09 
100, 100, 5  3.497980e-03,  3.433410e+09 
100, 100, 6  3.155075e-03,  3.806566e+09 
100, 100, 7  2.983170e-03,  4.025919e+09 
100, 100, 8  2.811546e-03,  4.271671e+09 
100, 100, 9  2.746830e-03,  4.372313e+09 
100, 100, 10  2.594923e-03,  4.628268e+09 
100, 100, 11  2.686947e-03,  4.469757e+09 
100, 100, 12  2.734412e-03,  4.392169e+09 
100, 100, 13  3.497021e-03,  3.434352e+09 
100, 100, 14  3.108052e-03,  3.864157e+09 
100, 100, 15  3.556616e-03,  3.376805e+09 
100, 100, 16  3.308112e-03,  3.630470e+09 
100, 100, 17  3.163890e-03,  3.795960e+09 
100, 100, 18  3.644875e-03,  3.295038e+09 
100, 100, 19  5.193426e-03,  2.312539e+09 
100, 100, 20  3.492222e-03,  3.439071e+09 
100, 100, 21  3.922797e-03,  3.061591e+09 
100, 100, 22  4.068820e-03,  2.951716e+09 
100, 100, 23  3.926011e-03,  3.059085e+09 
100, 100, 24  4.286776e-03,  2.801639e+09 
100, 100, 25  4.293731e-03,  2.797101e+09 
100, 20000, 1  1.240549e+00,  1.936240e+09 
100, 20000, 2  1.204155e+00,  1.994760e+09 
100, 20000, 3  9.160454e-01,  2.622141e+09 
100, 20000, 4  8.552001e-01,  2.808700e+09 
100, 20000, 5  7.179620e-01,  3.345581e+09 
100, 20000, 6  8.279911e-01,  2.900997e+09 
100, 20000, 7  7.332409e-01,  3.275867e+09 
100, 20000, 8  7.778650e-01,  3.087939e+09 
100, 20000, 9  6.920106e-01,  3.471045e+09 
100, 20000, 10  7.915313e-01,  3.034624e+09 
100, 20000, 11  6.785310e-01,  3.540000e+09 
100, 20000, 12  7.887801e-01,  3.045209e+09 
100, 20000, 13  6.650652e-01,  3.611676e+09 
100, 20000, 14  7.348155e-01,  3.268848e+09 
100, 20000, 15  6.335579e-01,  3.791287e+09 
100, 20000, 16  6.759519e-01,  3.553508e+09 
100, 20000, 17  6.728273e-01,  3.570010e+09 
100, 20000, 18  7.778684e-01,  3.087926e+09 
100, 20000, 19  7.087478e-01,  3.389076e+09 
100, 20000, 20  6.481018e-01,  3.706208e+09 
100, 20000, 21  7.464967e-01,  3.217697e+09 
100, 20000, 22  6.209350e-01,  3.868360e+09 
100, 20000, 23  6.945045e-01,  3.458581e+09 
100, 20000, 24  6.448633e-01,  3.724820e+09 
100, 20000, 25  6.450616e-01,  3.723675e+09 
100, 20000, 1  1.234763e+00,  1.945312e+09 
100, 20000, 2  1.091149e+00,  2.201350e+09 
100, 20000, 3  1.057297e+00,  2.271831e+09 
100, 20000, 4  8.415588e-01,  2.854227e+09 
100, 20000, 5  7.069788e-01,  3.397556e+09 
100, 20000, 6  8.307193e-01,  2.891470e+09 
100, 20000, 7  7.176906e-01,  3.346846e+09 
100, 20000, 8  7.536212e-01,  3.187278e+09 
100, 20000, 9  7.096345e-01,  3.384841e+09 
100, 20000, 10  7.973051e-01,  3.012649e+09 
100, 20000, 11  7.271664e-01,  3.303233e+09 
100, 20000, 12  7.992484e-01,  3.005323e+09 
100, 20000, 13  6.730714e-01,  3.568715e+09 
100, 20000, 14  7.915610e-01,  3.034510e+09 
100, 20000, 15  3.921953e-01,  6.124499e+09 
100, 20000, 16  7.075000e-01,  3.395053e+09 
100, 20000, 17  6.499132e-01,  3.695878e+09 
100, 20000, 18  7.457006e-01,  3.221132e+09 
100, 20000, 19  7.680878e-01,  3.127247e+09 
100, 20000, 20  6.508191e-01,  3.690734e+09 
100, 20000, 21  7.317649e-01,  3.282475e+09 
100, 20000, 22  6.871871e-01,  3.495409e+09 
100, 20000, 23  7.115505e-01,  3.375726e+09 
100, 20000, 24  6.644073e-01,  3.615252e+09 
100, 20000, 25  6.975610e-01,  3.443427e+09 
100, 20000, 1  1.237314e+00,  1.941302e+09 
100, 20000, 2  1.174385e+00,  2.045326e+09 
100, 20000, 3  7.693700e-01,  3.122035e+09 
100, 20000, 4  8.752487e-01,  2.744363e+09 
100, 20000, 5  6.672613e-01,  3.599789e+09 
100, 20000, 6  8.128086e-01,  2.955185e+09 
100, 20000, 7  7.153576e-01,  3.357761e+09 
100, 20000, 8  7.441538e-01,  3.227827e+09 
100, 20000, 9  6.787458e-01,  3.538880e+09 
100, 20000, 10  6.091181e-01,  3.943406e+09 
100, 20000, 11  4.408547e-01,  5.448507e+09 
100, 20000, 12  6.081389e-01,  3.949755e+09 
100, 20000, 13  7.011776e-01,  3.425666e+09 
100, 20000, 14  7.869007e-01,  3.052482e+09 
100, 20000, 15  6.623027e-01,  3.626740e+09 
100, 20000, 16  4.517028e-01,  5.317656e+09 
100, 20000, 17  6.359267e-01,  3.777165e+09 
100, 20000, 18  7.836289e-01,  3.065226e+09 
100, 20000, 19  7.501561e-01,  3.202000e+09 
100, 20000, 20  7.310790e-01,  3.285555e+09 
100, 20000, 21  6.515511e-01,  3.686588e+09 
100, 20000, 22  6.975650e-01,  3.443407e+09 
100, 20000, 23  7.779667e-01,  3.087536e+09 
100, 20000, 24  6.615287e-01,  3.630984e+09 
100, 20000, 25  6.971889e-01,  3.445264e+09 
100, 20000, 1  1.239036e+00,  1.938603e+09 
100, 20000, 2  1.192007e+00,  2.015088e+09 
100, 20000, 3  1.049025e+00,  2.289745e+09 
100, 20000, 4  8.979466e-01,  2.674992e+09 
100, 20000, 5  6.999671e-01,  3.431590e+09 
100, 20000, 6  8.365878e-01,  2.871187e+09 
100, 20000, 7  7.209843e-01,  3.331556e+09 
100, 20000, 8  7.777973e-01,  3.088208e+09 
100, 20000, 9  6.854900e-01,  3.504063e+09 
100, 20000, 10  4.615840e-01,  5.203820e+09 
100, 20000, 11  7.234389e-01,  3.320253e+09 
100, 20000, 12  7.744675e-01,  3.101486e+09 
100, 20000, 13  6.710342e-01,  3.579549e+09 
100, 20000, 14  7.880688e-01,  3.047957e+09 
100, 20000, 15  7.064290e-01,  3.400200e+09 
100, 20000, 16  7.172728e-01,  3.348796e+09 
100, 20000, 17  6.480027e-01,  3.706775e+09 
100, 20000, 18  7.804315e-01,  3.077784e+09 
100, 20000, 19  6.857614e-01,  3.502676e+09 
100, 20000, 20  7.090810e-01,  3.387483e+09 
100, 20000, 21  7.147680e-01,  3.360531e+09 
100, 20000, 22  7.195350e-01,  3.338267e+09 
100, 20000, 23  6.956340e-01,  3.452965e+09 
100, 20000, 24  6.860527e-01,  3.501189e+09 
100, 20000, 25  6.805390e-01,  3.529555e+09 
100, 20000, 1  1.276709e+00,  1.881400e+09 
100, 20000, 2  1.174397e+00,  2.045306e+09 
100, 20000, 3  7.869109e-01,  3.052442e+09 
100, 20000, 4  8.931232e-01,  2.689439e+09 
100, 20000, 5  7.079679e-01,  3.392809e+09 
100, 20000, 6  7.817911e-01,  3.072432e+09 
100, 20000, 7  6.794931e-01,  3.534988e+09 
100, 20000, 8  7.531211e-01,  3.189394e+09 
100, 20000, 9  6.789365e-01,  3.537886e+09 
100, 20000, 10  7.836320e-01,  3.065214e+09 
100, 20000, 11  7.247323e-01,  3.314327e+09 
100, 20000, 12  7.706669e-01,  3.116781e+09 
100, 20000, 13  7.393761e-01,  3.248685e+09 
100, 20000, 14  6.600611e-01,  3.639057e+09 
100, 20000, 15  6.371727e-01,  3.769778e+09 
100, 20000, 16  7.486236e-01,  3.208555e+09 
100, 20000, 17  6.875090e-01,  3.493772e+09 
100, 20000, 18  4.147819e-01,  5.790995e+09 
100, 20000, 19  4.000687e-01,  6.003969e+09 
100, 20000, 20  7.142204e-01,  3.363107e+09 
100, 20000, 21  7.426290e-01,  3.234455e+09 
100, 20000, 22  6.975324e-01,  3.443567e+09 
100, 20000, 23  7.119360e-01,  3.373899e+09 
100, 20000, 24  7.013400e-01,  3.424872e+09 
100, 20000, 25  6.759939e-01,  3.553286e+09 
100, 20000, 1  1.218422e+00,  1.971402e+09 
100, 20000, 2  1.234657e+00,  1.945480e+09 
100, 20000, 3  1.050516e+00,  2.286494e+09 
100, 20000, 4  8.739401e-01,  2.748472e+09 
100, 20000, 5  5.759383e-01,  4.170585e+09 
100, 20000, 6  5.596262e-01,  4.292151e+09 
100, 20000, 7  4.941447e-01,  4.860924e+09 
100, 20000, 8  7.719785e-01,  3.111486e+09 
100, 20000, 9  3.933791e-01,  6.106069e+09 
100, 20000, 10  7.820865e-01,  3.071272e+09 
100, 20000, 11  6.896274e-01,  3.483040e+09 
100, 20000, 12  7.434333e-01,  3.230956e+09 
100, 20000, 13  7.235242e-01,  3.319861e+09 
100, 20000, 14  6.517130e-01,  3.685671e+09 
100, 20000, 15  7.604157e-01,  3.158798e+09 
100, 20000, 16  7.752911e-01,  3.098191e+09 
100, 20000, 17  6.994166e-01,  3.434291e+09 
100, 20000, 18  7.352976e-01,  3.266704e+09 
100, 20000, 19  7.365226e-01,  3.261271e+09 
100, 20000, 20  7.055844e-01,  3.404270e+09 
100, 20000, 21  7.471845e-01,  3.214735e+09 
100, 20000, 22  7.002253e-01,  3.430324e+09 
100, 20000, 23  7.269258e-01,  3.304326e+09 
100, 20000, 24  7.234020e-01,  3.320422e+09 
100, 20000, 25  6.535427e-01,  3.675353e+09 
100, 20000, 1  1.507474e+00,  1.593394e+09 
100, 20000, 2  8.568901e-01,  2.803160e+09 
100, 20000, 3  8.605774e-01,  2.791149e+09 
100, 20000, 4  6.760729e-01,  3.552871e+09 
100, 20000, 5  5.910863e-01,  4.063704e+09 
100, 20000, 6  7.856167e-01,  3.057471e+09 
100, 20000, 7  4.714355e-01,  5.095077e+09 
100, 20000, 8  7.785368e-01,  3.085275e+09 
100, 20000, 9  6.847897e-01,  3.507646e+09 
100, 20000, 10  7.875739e-01,  3.049872e+09 
100, 20000, 11  7.249729e-01,  3.313227e+09 
100, 20000, 12  4.535964e-01,  5.295456e+09 
100, 20000, 13  7.385418e-01,  3.252355e+09 
100, 20000, 14  4.282081e-01,  5.609422e+09 
100, 20000, 15  4.147969e-01,  5.790785e+09 
100, 20000, 16  4.000368e-01,  6.004448e+09 
100, 20000, 17  4.057988e-01,  5.919189e+09 
100, 20000, 18  7.589050e-01,  3.165086e+09 
100, 20000, 19  7.372393e-01,  3.258101e+09 
100, 20000, 20  6.394171e-01,  3.756546e+09 
100, 20000, 21  7.827199e-01,  3.068786e+09 
100, 20000, 22  6.867070e-01,  3.497853e+09 
100, 20000, 23  7.152761e-01,  3.358144e+09 
100, 20000, 24  7.435279e-01,  3.230544e+09 
100, 20000, 25  7.097380e-01,  3.384348e+09 
100, 20000, 1  1.313699e+00,  1.828424e+09 
100, 20000, 2  1.186831e+00,  2.023878e+09 
100, 20000, 3  8.388347e-01,  2.863496e+09 
100, 20000, 4  9.041286e-01,  2.656702e+09 
100, 20000, 5  5.907360e-01,  4.066114e+09 
100, 20000, 6  8.329980e-01,  2.883560e+09 
100, 20000, 7  4.915526e-01,  4.886558e+09 
100, 20000, 8  7.601012e-01,  3.160105e+09 
100, 20000, 9  4.577508e-01,  5.247397e+09 
100, 20000, 10  7.555870e-01,  3.178986e+09 
100, 20000, 11  7.367576e-01,  3.260231e+09 
100, 20000, 12  6.926744e-01,  3.467719e+09 
100, 20000, 13  4.378727e-01,  5.485612e+09 
100, 20000, 14  4.400416e-01,  5.458575e+09 
100, 20000, 15  4.067265e-01,  5.905688e+09 
100, 20000, 16  3.652162e-01,  6.576927e+09 
100, 20000, 17  6.712649e-01,  3.578319e+09 
100, 20000, 18  7.543330e-01,  3.184270e+09 
100, 20000, 19  7.311991e-01,  3.285015e+09 
100, 20000, 20  6.939662e-01,  3.461264e+09 
100, 20000, 21  7.445448e-01,  3.226132e+09 
100, 20000, 22  6.787259e-01,  3.538984e+09 
100, 20000, 23  7.111429e-01,  3.377662e+09 
100, 20000, 24  6.935477e-01,  3.463352e+09 
100, 20000, 25  7.039803e-01,  3.412027e+09 
100, 20000, 1  1.218090e+00,  1.971939e+09 
100, 20000, 2  1.231411e+00,  1.950607e+09 
100, 20000, 3  9.287084e-01,  2.586388e+09 
100, 20000, 4  8.725446e-01,  2.752868e+09 
100, 20000, 5  7.130664e-01,  3.368550e+09 
100, 20000, 6  8.473776e-01,  2.834628e+09 
100, 20000, 7  7.310393e-01,  3.285733e+09 
100, 20000, 8  7.667501e-01,  3.132702e+09 
100, 20000, 9  6.791025e-01,  3.537021e+09 
100, 20000, 10  7.211302e-01,  3.330882e+09 
100, 20000, 11  7.046592e-01,  3.408740e+09 
100, 20000, 12  7.151046e-01,  3.358949e+09 
100, 20000, 13  7.144875e-01,  3.361850e+09 
100, 20000, 14  7.340214e-01,  3.272384e+09 
100, 20000, 15  6.708919e-01,  3.580309e+09 
100, 20000, 16  6.944069e-01,  3.459067e+09 
100, 20000, 17  5.734078e-01,  4.188991e+09 
100, 20000, 18  7.850873e-01,  3.059532e+09 
100, 20000, 19  7.549080e-01,  3.181845e+09 
100, 20000, 20  7.013514e-01,  3.424817e+09 
100, 20000, 21  8.030580e-01,  2.991067e+09 
100, 20000, 22  6.655244e-01,  3.609184e+09 
100, 20000, 23  7.492257e-01,  3.205977e+09 
100, 20000, 24  6.921054e-01,  3.470570e+09 
100, 20000, 25  7.290659e-01,  3.294627e+09 
100, 20000, 1  1.241435e+00,  1.934857e+09 
100, 20000, 2  1.253598e+00,  1.916085e+09 
100, 20000, 3  1.055376e+00,  2.275967e+09 
100, 20000, 4  9.076167e-01,  2.646492e+09 
100, 20000, 5  7.040763e-01,  3.411562e+09 
100, 20000, 6  7.990698e-01,  3.005995e+09 
100, 20000, 7  7.158299e-01,  3.355546e+09 
100, 20000, 8  7.699943e-01,  3.119503e+09 
100, 20000, 9  6.955731e-01,  3.453267e+09 
100, 20000, 10  7.259655e-01,  3.308697e+09 
100, 20000, 11  7.221291e-01,  3.326275e+09 
100, 20000, 12  7.364703e-01,  3.261503e+09 
100, 20000, 13  7.378176e-01,  3.255547e+09 
100, 20000, 14  7.361424e-01,  3.262956e+09 
100, 20000, 15  5.858555e-01,  4.099987e+09 
100, 20000, 16  7.338639e-01,  3.273087e+09 
100, 20000, 17  6.433375e-01,  3.733655e+09 
100, 20000, 18  7.872069e-01,  3.051294e+09 
100, 20000, 19  7.656028e-01,  3.137397e+09 
100, 20000, 20  7.234313e-01,  3.320288e+09 
100, 20000, 21  7.593695e-01,  3.163150e+09 
100, 20000, 22  6.496352e-01,  3.697460e+09 
100, 20000, 23  7.263463e-01,  3.306962e+09 
100, 20000, 24  6.953823e-01,  3.454215e+09 
100, 20000, 25  6.803363e-01,  3.530607e+09 
20000, 100, 1  1.152510e+00,  2.084146e+09 
20000, 100, 2  9.689476e-01,  2.478978e+09 
20000, 100, 3  6.829288e-01,  3.517204e+09 
20000, 100, 4  7.546560e-01,  3.182907e+09 
20000, 100, 5  6.253774e-01,  3.840881e+09 
20000, 100, 6  7.276970e-01,  3.300825e+09 
20000, 100, 7  6.677762e-01,  3.597013e+09 
20000, 100, 8  7.352035e-01,  3.267123e+09 
20000, 100, 9  6.946109e-01,  3.458051e+09 
20000, 100, 10  7.531755e-01,  3.189164e+09 
20000, 100, 11  7.141501e-01,  3.363439e+09 
20000, 100, 12  7.417997e-01,  3.238071e+09 
20000, 100, 13  7.700762e-01,  3.119172e+09 
20000, 100, 14  6.760712e-01,  3.552880e+09 
20000, 100, 15  7.910073e-01,  3.036635e+09 
20000, 100, 16  8.343377e-01,  2.878930e+09 
20000, 100, 17  7.391768e-01,  3.249561e+09 
20000, 100, 18  8.206245e-01,  2.927039e+09 
20000, 100, 19  7.699326e-01,  3.119754e+09 
20000, 100, 20  7.325683e-01,  3.278875e+09 
20000, 100, 21  7.602458e-01,  3.159505e+09 
20000, 100, 22  7.042359e-01,  3.410789e+09 
20000, 100, 23  7.152266e-01,  3.358376e+09 
20000, 100, 24  7.257048e-01,  3.309886e+09 
20000, 100, 25  7.477229e-01,  3.212420e+09 
20000, 100, 1  1.151967e+00,  2.085129e+09 
20000, 100, 2  8.784088e-01,  2.734490e+09 
20000, 100, 3  8.368481e-01,  2.870294e+09 
20000, 100, 4  7.520158e-01,  3.194082e+09 
20000, 100, 5  6.281965e-01,  3.823645e+09 
20000, 100, 6  7.264580e-01,  3.306454e+09 
20000, 100, 7  6.720765e-01,  3.573998e+09 
20000, 100, 8  7.334141e-01,  3.275094e+09 
20000, 100, 9  6.953011e-01,  3.454618e+09 
20000, 100, 10  4.149040e-01,  5.789291e+09 
20000, 100, 11  7.218791e-01,  3.327427e+09 
20000, 100, 12  4.315157e-01,  5.566425e+09 
20000, 100, 13  7.661866e-01,  3.135006e+09 
20000, 100, 14  4.383931e-01,  5.479101e+09 
20000, 100, 15  7.420227e-01,  3.237098e+09 
20000, 100, 16  8.494116e-01,  2.827840e+09 
20000, 100, 17  8.107524e-01,  2.962680e+09 
20000, 100, 18  8.493747e-01,  2.827963e+09 
20000, 100, 19  6.790095e-01,  3.537506e+09 
20000, 100, 20  7.168116e-01,  3.350950e+09 
20000, 100, 21  7.740155e-01,  3.103297e+09 
20000, 100, 22  7.220759e-01,  3.326520e+09 
20000, 100, 23  7.792420e-01,  3.082483e+09 
20000, 100, 24  7.039116e-01,  3.412360e+09 
20000, 100, 25  7.145144e-01,  3.361724e+09 
20000, 100, 1  1.156402e+00,  2.077132e+09 
20000, 100, 2  8.965416e-01,  2.679184e+09 
20000, 100, 3  6.643132e-01,  3.615764e+09 
20000, 100, 4  7.578733e-01,  3.169395e+09 
20000, 100, 5  6.313677e-01,  3.804439e+09 
20000, 100, 6  7.285093e-01,  3.297144e+09 
20000, 100, 7  6.694468e-01,  3.588037e+09 
20000, 100, 8  7.330253e-01,  3.276831e+09 
20000, 100, 9  6.979043e-01,  3.441733e+09 
20000, 100, 10  7.652836e-01,  3.138706e+09 
20000, 100, 11  7.107652e-01,  3.379457e+09 
20000, 100, 12  6.833705e-01,  3.514931e+09 
20000, 100, 13  7.406613e-01,  3.243048e+09 
20000, 100, 14  6.847460e-01,  3.507870e+09 
20000, 100, 15  7.771639e-01,  3.090725e+09 
20000, 100, 16  8.448164e-01,  2.843221e+09 
20000, 100, 17  7.516482e-01,  3.195644e+09 
20000, 100, 18  8.555925e-01,  2.807411e+09 
20000, 100, 19  7.594953e-01,  3.162626e+09 
20000, 100, 20  7.324130e-01,  3.279570e+09 
20000, 100, 21  7.559059e-01,  3.177644e+09 
20000, 100, 22  7.164588e-01,  3.352600e+09 
20000, 100, 23  7.564307e-01,  3.175440e+09 
20000, 100, 24  7.659363e-01,  3.136031e+09 
20000, 100, 25  6.739285e-01,  3.564176e+09 
20000, 100, 1  1.154108e+00,  2.081261e+09 
20000, 100, 2  9.729476e-01,  2.468787e+09 
20000, 100, 3  6.710832e-01,  3.579288e+09 
20000, 100, 4  7.478481e-01,  3.211882e+09 
20000, 100, 5  6.198918e-01,  3.874870e+09 
20000, 100, 6  7.316995e-01,  3.282769e+09 
20000, 100, 7  6.671654e-01,  3.600307e+09 
20000, 100, 8  7.359220e-01,  3.263933e+09 
20000, 100, 9  7.041732e-01,  3.411093e+09 
20000, 100, 10  7.655046e-01,  3.137799e+09 
20000, 100, 11  7.348845e-01,  3.268541e+09 
20000, 100, 12  6.723346e-01,  3.572626e+09 
20000, 100, 13  5.734176e-01,  4.188919e+09 
20000, 100, 14  8.245868e-01,  2.912974e+09 
20000, 100, 15  7.770523e-01,  3.091169e+09 
20000, 100, 16  8.537214e-01,  2.813564e+09 
20000, 100, 17  7.604008e-01,  3.158860e+09 
20000, 100, 18  8.557406e-01,  2.806925e+09 
20000, 100, 19  7.026637e-01,  3.418421e+09 
20000, 100, 20  6.907394e-01,  3.477433e+09 
20000, 100, 21  6.705906e-01,  3.581917e+09 
20000, 100, 22  6.782836e-01,  3.541292e+09 
20000, 100, 23  7.600468e-01,  3.160332e+09 
20000, 100, 24  6.812967e-01,  3.525630e+09 
20000, 100, 25  7.052358e-01,  3.405953e+09 
20000, 100, 1  1.152038e+00,  2.085001e+09 
20000, 100, 2  9.710015e-01,  2.473735e+09 
20000, 100, 3  8.393681e-01,  2.861677e+09 
20000, 100, 4  7.529679e-01,  3.190043e+09 
20000, 100, 5  6.219861e-01,  3.861823e+09 
20000, 100, 6  7.275808e-01,  3.301352e+09 
20000, 100, 7  6.692181e-01,  3.589264e+09 
20000, 100, 8  7.356381e-01,  3.265192e+09 
20000, 100, 9  6.958396e-01,  3.451945e+09 
20000, 100, 10  7.589514e-01,  3.164893e+09 
20000, 100, 11  6.994946e-01,  3.433908e+09 
20000, 100, 12  7.180275e-01,  3.345276e+09 
20000, 100, 13  7.649456e-01,  3.140092e+09 
20000, 100, 14  6.762973e-01,  3.551692e+09 
20000, 100, 15  7.795361e-01,  3.081320e+09 
20000, 100, 16  8.063018e-01,  2.979033e+09 
20000, 100, 17  7.571434e-01,  3.172451e+09 
20000, 100, 18  8.633097e-01,  2.782316e+09 
20000, 100, 19  7.531081e-01,  3.189449e+09 
20000, 100, 20  7.525434e-01,  3.191842e+09 
20000, 100, 21  7.830978e-01,  3.067305e+09 
20000, 100, 22  6.687568e-01,  3.591739e+09 
20000, 100, 23  6.776365e-01,  3.544673e+09 
20000, 100, 24  6.791955e-01,  3.536537e+09 
20000, 100, 25  7.227667e-01,  3.323341e+09 
20000, 100, 1  1.150284e+00,  2.088179e+09 
20000, 100, 2  9.760477e-01,  2.460945e+09 
20000, 100, 3  6.343620e-01,  3.786482e+09 
20000, 100, 4  7.542401e-01,  3.184662e+09 
20000, 100, 5  6.234368e-01,  3.852836e+09 
20000, 100, 6  7.269171e-01,  3.304366e+09 
20000, 100, 7  6.692857e-01,  3.588901e+09 
20000, 100, 8  7.319627e-01,  3.281588e+09 
20000, 100, 9  6.982103e-01,  3.440224e+09 
20000, 100, 10  7.626648e-01,  3.149483e+09 
20000, 100, 11  7.285608e-01,  3.296911e+09 
20000, 100, 12  6.647510e-01,  3.613383e+09 
20000, 100, 13  7.409464e-01,  3.241800e+09 
20000, 100, 14  6.667601e-01,  3.602495e+09 
20000, 100, 15  6.441912e-01,  3.728707e+09 
20000, 100, 16  8.348274e-01,  2.877241e+09 
20000, 100, 17  7.639317e-01,  3.144260e+09 
20000, 100, 18  8.540502e-01,  2.812481e+09 
20000, 100, 19  7.422018e-01,  3.236316e+09 
20000, 100, 20  7.107220e-01,  3.379662e+09 
20000, 100, 21  7.554060e-01,  3.179747e+09 
20000, 100, 22  7.399504e-01,  3.246163e+09 
20000, 100, 23  7.329172e-01,  3.277314e+09 
20000, 100, 24  7.067314e-01,  3.398745e+09 
20000, 100, 25  7.365300e-01,  3.261239e+09 
20000, 100, 1  1.331955e+00,  1.803364e+09 
20000, 100, 2  9.786146e-01,  2.454490e+09 
20000, 100, 3  8.108806e-01,  2.962212e+09 
20000, 100, 4  7.544972e-01,  3.183577e+09 
20000, 100, 5  6.272966e-01,  3.829130e+09 
20000, 100, 6  7.282746e-01,  3.298207e+09 
20000, 100, 7  6.694588e-01,  3.587973e+09 
20000, 100, 8  7.210783e-01,  3.331122e+09 
20000, 100, 9  6.973916e-01,  3.444263e+09 
20000, 100, 10  7.579496e-01,  3.169076e+09 
20000, 100, 11  7.119715e-01,  3.373730e+09 
20000, 100, 12  7.386385e-01,  3.251929e+09 
20000, 100, 13  7.641651e-01,  3.143300e+09 
20000, 100, 14  6.765190e-01,  3.550529e+09 
20000, 100, 15  7.280287e-01,  3.299320e+09 
20000, 100, 16  8.533485e-01,  2.814794e+09 
20000, 100, 17  7.303048e-01,  3.289038e+09 
20000, 100, 18  8.484517e-01,  2.831039e+09 
20000, 100, 19  7.237493e-01,  3.318829e+09 
20000, 100, 20  7.740965e-01,  3.102972e+09 
20000, 100, 21  8.295658e-01,  2.895490e+09 
20000, 100, 22  7.064755e-01,  3.399976e+09 
20000, 100, 23  6.913198e-01,  3.474514e+09 
20000, 100, 24  6.966650e-01,  3.447855e+09 
20000, 100, 25  7.301344e-01,  3.289805e+09 
20000, 100, 1  1.136672e+00,  2.113186e+09 
20000, 100, 2  1.005353e+00,  2.389210e+09 
20000, 100, 3  6.555037e-01,  3.664357e+09 
20000, 100, 4  7.591809e-01,  3.163936e+09 
20000, 100, 5  6.316514e-01,  3.802730e+09 
20000, 100, 6  7.243625e-01,  3.316019e+09 
20000, 100, 7  6.654485e-01,  3.609596e+09 
20000, 100, 8  7.311056e-01,  3.285435e+09 
20000, 100, 9  6.991567e-01,  3.435568e+09 
20000, 100, 10  7.575760e-01,  3.170639e+09 
20000, 100, 11  7.279745e-01,  3.299566e+09 
20000, 100, 12  7.890921e-01,  3.044005e+09 
20000, 100, 13  7.566942e-01,  3.174334e+09 
20000, 100, 14  6.496568e-01,  3.697337e+09 
20000, 100, 15  6.459949e-01,  3.718296e+09 
20000, 100, 16  8.349774e-01,  2.876725e+09 
20000, 100, 17  7.517647e-01,  3.195149e+09 
20000, 100, 18  8.159885e-01,  2.943669e+09 
20000, 100, 19  7.405758e-01,  3.243422e+09 
20000, 100, 20  7.321774e-01,  3.280626e+09 
20000, 100, 21  7.079481e-01,  3.392904e+09 
20000, 100, 22  7.161399e-01,  3.354093e+09 
20000, 100, 23  7.637247e-01,  3.145112e+09 
20000, 100, 24  7.618813e-01,  3.152722e+09 
20000, 100, 25  8.333953e-01,  2.882186e+09 
20000, 100, 1  1.152759e+00,  2.083697e+09 
20000, 100, 2  8.737304e-01,  2.749132e+09 
20000, 100, 3  7.729277e-01,  3.107664e+09 
20000, 100, 4  7.481483e-01,  3.210593e+09 
20000, 100, 5  6.275802e-01,  3.827400e+09 
20000, 100, 6  7.322175e-01,  3.280446e+09 
20000, 100, 7  6.721210e-01,  3.573761e+09 
20000, 100, 8  7.257529e-01,  3.309666e+09 
20000, 100, 9  6.916224e-01,  3.472994e+09 
20000, 100, 10  7.572782e-01,  3.171886e+09 
20000, 100, 11  7.189283e-01,  3.341084e+09 
20000, 100, 12  6.786369e-01,  3.539448e+09 
20000, 100, 13  7.589270e-01,  3.164995e+09 
20000, 100, 14  7.577776e-01,  3.169795e+09 
20000, 100, 15  7.489841e-01,  3.207011e+09 
20000, 100, 16  8.556211e-01,  2.807317e+09 
20000, 100, 17  8.044756e-01,  2.985796e+09 
20000, 100, 18  8.487149e-01,  2.830161e+09 
20000, 100, 19  7.747504e-01,  3.100353e+09 
20000, 100, 20  7.214911e-01,  3.329216e+09 
20000, 100, 21  6.903326e-01,  3.479482e+09 
20000, 100, 22  7.219556e-01,  3.327075e+09 
20000, 100, 23  7.795486e-01,  3.081270e+09 
20000, 100, 24  7.574813e-01,  3.171035e+09 
20000, 100, 25  8.373191e-01,  2.868679e+09 
20000, 100, 1  1.151871e+00,  2.085303e+09 
20000, 100, 2  9.344629e-01,  2.570461e+09 
20000, 100, 3  6.714358e-01,  3.577408e+09 
20000, 100, 4  7.586861e-01,  3.166000e+09 
20000, 100, 5  4.756666e-01,  5.049755e+09 
20000, 100, 6  7.323284e-01,  3.279949e+09 
20000, 100, 7  6.632981e-01,  3.621298e+09 
20000, 100, 8  7.352535e-01,  3.266900e+09 
20000, 100, 9  6.891963e-01,  3.485219e+09 
20000, 100, 10  7.441333e-01,  3.227916e+09 
20000, 100, 11  7.183089e-01,  3.343965e+09 
20000, 100, 12  7.802776e-01,  3.078391e+09 
20000, 100, 13  7.580684e-01,  3.168579e+09 
20000, 100, 14  7.023005e-01,  3.420189e+09 
20000, 100, 15  7.642047e-01,  3.143137e+09 
20000, 100, 16  8.421587e-01,  2.852194e+09 
20000, 100, 17  7.461482e-01,  3.219199e+09 
20000, 100, 18  7.636745e-01,  3.145319e+09 
20000, 100, 19  4.647731e-01,  5.168113e+09 
20000, 100, 20  7.129573e-01,  3.369066e+09 
20000, 100, 21  7.920869e-01,  3.032496e+09 
20000, 100, 22  7.144574e-01,  3.361992e+09 
20000, 100, 23  7.741830e-01,  3.102625e+09 
20000, 100, 24  7.151686e-01,  3.358649e+09 
20000, 100, 25  7.339228e-01,  3.272824e+09 
5000, 5000, 1  1.409057e+01,  2.130858e+09 
5000, 5000, 2  8.412269e+00,  3.569192e+09 
5000, 5000, 3  7.345631e+00,  4.087464e+09 
5000, 5000, 4  5.087889e+00,  5.901269e+09 
5000, 5000, 5  5.007603e+00,  5.995882e+09 
5000, 5000, 6  4.040433e+00,  7.431134e+09 
5000, 5000, 7  4.289725e+00,  6.999283e+09 
5000, 5000, 8  3.707239e+00,  8.099019e+09 
5000, 5000, 9  3.555532e+00,  8.444587e+09 
5000, 5000, 10  3.593320e+00,  8.355782e+09 
5000, 5000, 11  3.507075e+00,  8.561265e+09 
5000, 5000, 12  3.690896e+00,  8.134880e+09 
5000, 5000, 13  3.443937e+00,  8.718221e+09 
5000, 5000, 14  3.606391e+00,  8.325497e+09 
5000, 5000, 15  3.746217e+00,  8.014752e+09 
5000, 5000, 16  3.679575e+00,  8.159909e+09 
5000, 5000, 17  3.742320e+00,  8.023098e+09 
5000, 5000, 18  3.647499e+00,  8.231668e+09 
5000, 5000, 19  3.666733e+00,  8.188488e+09 
5000, 5000, 20  3.596419e+00,  8.348583e+09 
5000, 5000, 21  3.682849e+00,  8.152656e+09 
5000, 5000, 22  3.529845e+00,  8.506038e+09 
5000, 5000, 23  3.788661e+00,  7.924964e+09 
5000, 5000, 24  3.582424e+00,  8.381196e+09 
5000, 5000, 25  3.868323e+00,  7.761760e+09 
5000, 5000, 1  1.405165e+01,  2.136760e+09 
5000, 5000, 2  7.869951e+00,  3.815144e+09 
5000, 5000, 3  7.263475e+00,  4.133696e+09 
5000, 5000, 4  5.096468e+00,  5.891335e+09 
5000, 5000, 5  4.890508e+00,  6.139444e+09 
5000, 5000, 6  4.282579e+00,  7.010962e+09 
5000, 5000, 7  4.142603e+00,  7.247859e+09 
5000, 5000, 8  3.734178e+00,  8.040591e+09 
5000, 5000, 9  3.651730e+00,  8.222131e+09 
5000, 5000, 10  3.485024e+00,  8.615436e+09 
5000, 5000, 11  3.401211e+00,  8.827737e+09 
5000, 5000, 12  3.339638e+00,  8.990496e+09 
5000, 5000, 13  3.379503e+00,  8.884442e+09 
5000, 5000, 14  3.456462e+00,  8.686628e+09 
5000, 5000, 15  3.326482e+00,  9.026053e+09 
5000, 5000, 16  3.364862e+00,  8.923099e+09 
5000, 5000, 17  3.605446e+00,  8.327679e+09 
5000, 5000, 18  3.623193e+00,  8.286890e+09 
5000, 5000, 19  3.570696e+00,  8.408725e+09 
5000, 5000, 20  3.533729e+00,  8.496691e+09 
5000, 5000, 21  3.453141e+00,  8.694982e+09 
5000, 5000, 22  3.548639e+00,  8.460989e+09 
5000, 5000, 23  3.550525e+00,  8.456495e+09 
5000, 5000, 24  3.770564e+00,  7.962999e+09 
5000, 5000, 25  3.513344e+00,  8.545988e+09 
5000, 5000, 1  1.406155e+01,  2.135255e+09 
5000, 5000, 2  8.263825e+00,  3.633306e+09 
5000, 5000, 3  7.372583e+00,  4.072521e+09 
5000, 5000, 4  5.072048e+00,  5.919699e+09 
5000, 5000, 5  4.928198e+00,  6.092491e+09 
5000, 5000, 6  4.060875e+00,  7.393728e+09 
5000, 5000, 7  4.248833e+00,  7.066646e+09 
5000, 5000, 8  3.647404e+00,  8.231882e+09 
5000, 5000, 9  3.735695e+00,  8.037327e+09 
5000, 5000, 10  3.462509e+00,  8.671458e+09 
5000, 5000, 11  3.582892e+00,  8.380101e+09 
5000, 5000, 12  3.328925e+00,  9.019428e+09 
5000, 5000, 13  3.384492e+00,  8.871346e+09 
5000, 5000, 14  3.434830e+00,  8.741334e+09 
5000, 5000, 15  3.326650e+00,  9.025596e+09 
5000, 5000, 16  3.548305e+00,  8.461787e+09 
5000, 5000, 17  3.538857e+00,  8.484378e+09 
5000, 5000, 18  3.641470e+00,  8.245297e+09 
5000, 5000, 19  3.589777e+00,  8.364030e+09 
5000, 5000, 20  3.688392e+00,  8.140405e+09 
5000, 5000, 21  3.392093e+00,  8.851468e+09 
5000, 5000, 22  3.544662e+00,  8.470483e+09 
5000, 5000, 23  3.819699e+00,  7.860568e+09 
5000, 5000, 24  3.497001e+00,  8.585927e+09 
5000, 5000, 25  3.501359e+00,  8.575242e+09 
5000, 5000, 1  1.400073e+01,  2.144531e+09 
5000, 5000, 2  8.480496e+00,  3.540477e+09 
5000, 5000, 3  7.103930e+00,  4.226534e+09 
5000, 5000, 4  5.074371e+00,  5.916989e+09 
5000, 5000, 5  4.915915e+00,  6.107713e+09 
5000, 5000, 6  4.040260e+00,  7.431452e+09 
5000, 5000, 7  4.113679e+00,  7.298820e+09 
5000, 5000, 8  3.563037e+00,  8.426799e+09 
5000, 5000, 9  3.531779e+00,  8.501382e+09 
5000, 5000, 10  3.355713e+00,  8.947427e+09 
5000, 5000, 11  3.359077e+00,  8.938468e+09 
5000, 5000, 12  3.390123e+00,  8.856612e+09 
5000, 5000, 13  3.436100e+00,  8.738105e+09 
5000, 5000, 14  3.591547e+00,  8.359908e+09 
5000, 5000, 15  3.454149e+00,  8.692445e+09 
5000, 5000, 16  3.668489e+00,  8.184570e+09 
5000, 5000, 17  3.681527e+00,  8.155584e+09 
5000, 5000, 18  3.661032e+00,  8.201240e+09 
5000, 5000, 19  3.515382e+00,  8.541034e+09 
5000, 5000, 20  3.595461e+00,  8.350806e+09 
5000, 5000, 21  3.584031e+00,  8.377439e+09 
5000, 5000, 22  3.576695e+00,  8.394621e+09 
5000, 5000, 23  3.739292e+00,  8.029595e+09 
5000, 5000, 24  3.528902e+00,  8.508313e+09 
5000, 5000, 25  3.738298e+00,  8.031729e+09 
5000, 5000, 1  1.402944e+01,  2.140143e+09 
5000, 5000, 2  8.276772e+00,  3.627622e+09 
5000, 5000, 3  7.132278e+00,  4.209735e+09 
5000, 5000, 4  5.073670e+00,  5.917807e+09 
5000, 5000, 5  4.917582e+00,  6.105642e+09 
5000, 5000, 6  3.552212e+00,  8.452479e+09 
5000, 5000, 7  3.961574e+00,  7.579057e+09 
5000, 5000, 8  3.195469e+00,  9.396118e+09 
5000, 5000, 9  3.585419e+00,  8.374196e+09 
5000, 5000, 10  3.397230e+00,  8.838083e+09 
5000, 5000, 11  3.401744e+00,  8.826354e+09 
5000, 5000, 12  3.387638e+00,  8.863109e+09 
5000, 5000, 13  3.356856e+00,  8.944382e+09 
5000, 5000, 14  4.010261e+00,  7.487044e+09 
5000, 5000, 15  3.591994e+00,  8.358866e+09 
5000, 5000, 16  3.678326e+00,  8.162681e+09 
5000, 5000, 17  3.027335e+00,  9.917965e+09 
5000, 5000, 18  3.680913e+00,  8.156944e+09 
5000, 5000, 19  3.926225e+00,  7.647295e+09 
5000, 5000, 20  3.887466e+00,  7.723541e+09 
5000, 5000, 21  3.220835e+00,  9.322116e+09 
5000, 5000, 22  3.625184e+00,  8.282337e+09 
5000, 5000, 23  3.771325e+00,  7.961394e+09 
5000, 5000, 24  3.591985e+00,  8.358889e+09 
5000, 5000, 25  3.596749e+00,  8.347817e+09 
5000, 5000, 1  1.407608e+01,  2.133052e+09 
5000, 5000, 2  8.312289e+00,  3.612122e+09 
5000, 5000, 3  7.356944e+00,  4.081178e+09 
5000, 5000, 4  5.101743e+00,  5.885244e+09 
5000, 5000, 5  5.009413e+00,  5.993717e+09 
5000, 5000, 6  4.074252e+00,  7.369451e+09 
5000, 5000, 7  4.200223e+00,  7.148430e+09 
5000, 5000, 8  3.658466e+00,  8.206992e+09 
5000, 5000, 9  3.444307e+00,  8.717284e+09 
5000, 5000, 10  3.456303e+00,  8.687028e+09 
5000, 5000, 11  3.526501e+00,  8.514105e+09 
5000, 5000, 12  3.387375e+00,  8.863795e+09 
5000, 5000, 13  3.268937e+00,  9.184944e+09 
5000, 5000, 14  3.354753e+00,  8.949989e+09 
5000, 5000, 15  3.459439e+00,  8.679153e+09 
5000, 5000, 16  3.495056e+00,  8.590706e+09 
5000, 5000, 17  3.757028e+00,  7.991690e+09 
5000, 5000, 18  3.504613e+00,  8.567279e+09 
5000, 5000, 19  3.679380e+00,  8.160342e+09 
5000, 5000, 20  3.576786e+00,  8.394407e+09 
5000, 5000, 21  3.691710e+00,  8.133087e+09 
5000, 5000, 22  3.627778e+00,  8.276416e+09 
5000, 5000, 23  3.686593e+00,  8.144375e+09 
5000, 5000, 24  3.492115e+00,  8.597941e+09 
5000, 5000, 25  3.608849e+00,  8.319827e+09 
5000, 5000, 1  1.409071e+01,  2.130836e+09 
5000, 5000, 2  8.485550e+00,  3.538368e+09 
5000, 5000, 3  7.253556e+00,  4.139349e+09 
5000, 5000, 4  5.091649e+00,  5.896911e+09 
5000, 5000, 5  4.945399e+00,  6.071300e+09 
5000, 5000, 6  4.073078e+00,  7.371574e+09 
5000, 5000, 7  4.020436e+00,  7.468096e+09 
5000, 5000, 8  3.686584e+00,  8.144397e+09 
5000, 5000, 9  3.558066e+00,  8.438574e+09 
5000, 5000, 10  3.435261e+00,  8.740240e+09 
5000, 5000, 11  3.575757e+00,  8.396824e+09 
5000, 5000, 12  3.279826e+00,  9.154450e+09 
5000, 5000, 13  3.391356e+00,  8.853391e+09 
5000, 5000, 14  3.356486e+00,  8.945367e+09 
5000, 5000, 15  3.451763e+00,  8.698452e+09 
5000, 5000, 16  3.637327e+00,  8.254687e+09 
5000, 5000, 17  3.727966e+00,  8.053990e+09 
5000, 5000, 18  3.642333e+00,  8.243344e+09 
5000, 5000, 19  3.638445e+00,  8.252151e+09 
5000, 5000, 20  3.337012e+00,  8.997572e+09 
5000, 5000, 21  3.484336e+00,  8.617136e+09 
5000, 5000, 22  3.800434e+00,  7.900414e+09 
5000, 5000, 23  3.604737e+00,  8.329318e+09 
5000, 5000, 24  3.533747e+00,  8.496648e+09 
5000, 5000, 25  3.642700e+00,  8.242511e+09 
5000, 5000, 1  1.406684e+01,  2.134452e+09 
5000, 5000, 2  8.451461e+00,  3.552640e+09 
5000, 5000, 3  7.255353e+00,  4.138324e+09 
5000, 5000, 4  5.073490e+00,  5.918017e+09 
5000, 5000, 5  4.987042e+00,  6.020603e+09 
5000, 5000, 6  4.068384e+00,  7.380080e+09 
5000, 5000, 7  4.041570e+00,  7.429043e+09 
5000, 5000, 8  3.625242e+00,  8.282205e+09 
5000, 5000, 9  3.654839e+00,  8.215137e+09 
5000, 5000, 10  2.977285e+00,  1.008469e+10 
5000, 5000, 11  3.457444e+00,  8.684161e+09 
5000, 5000, 12  3.315574e+00,  9.055746e+09 
5000, 5000, 13  3.372279e+00,  8.903474e+09 
5000, 5000, 14  3.287029e+00,  9.134388e+09 
5000, 5000, 15  3.305060e+00,  9.084555e+09 
5000, 5000, 16  3.664486e+00,  8.193510e+09 
5000, 5000, 17  3.483840e+00,  8.618365e+09 
5000, 5000, 18  3.646438e+00,  8.234063e+09 
5000, 5000, 19  3.744796e+00,  8.017793e+09 
5000, 5000, 20  3.513066e+00,  8.546665e+09 
5000, 5000, 21  3.653259e+00,  8.218688e+09 
5000, 5000, 22  3.325609e+00,  9.028422e+09 
5000, 5000, 23  3.879933e+00,  7.738536e+09 
5000, 5000, 24  3.640243e+00,  8.248077e+09 
5000, 5000, 25  3.709846e+00,  8.093327e+09 
5000, 5000, 1  1.405196e+01,  2.136712e+09 
5000, 5000, 2  8.361191e+00,  3.590996e+09 
5000, 5000, 3  7.666191e+00,  3.916547e+09 
5000, 5000, 4  5.052982e+00,  5.942036e+09 
5000, 5000, 5  4.908835e+00,  6.116523e+09 
5000, 5000, 6  4.081826e+00,  7.355776e+09 
5000, 5000, 7  4.009671e+00,  7.488146e+09 
5000, 5000, 8  3.627981e+00,  8.275952e+09 
5000, 5000, 9  3.549509e+00,  8.458917e+09 
5000, 5000, 10  3.390448e+00,  8.855763e+09 
5000, 5000, 11  3.455410e+00,  8.689273e+09 
5000, 5000, 12  3.365970e+00,  8.920162e+09 
5000, 5000, 13  3.350025e+00,  8.962619e+09 
5000, 5000, 14  3.346470e+00,  8.972142e+09 
5000, 5000, 15  3.478265e+00,  8.632178e+09 
5000, 5000, 16  3.338142e+00,  8.994524e+09 
5000, 5000, 17  3.628862e+00,  8.273943e+09 
5000, 5000, 18  3.695617e+00,  8.124488e+09 
5000, 5000, 19  3.709408e+00,  8.094283e+09 
5000, 5000, 20  3.720935e+00,  8.069209e+09 
5000, 5000, 21  3.659440e+00,  8.204807e+09 
5000, 5000, 22  3.571745e+00,  8.406255e+09 
5000, 5000, 23  3.637331e+00,  8.254679e+09 
5000, 5000, 24  3.400514e+00,  8.829548e+09 
5000, 5000, 25  3.778866e+00,  7.945505e+09 
5000, 5000, 1  1.393692e+01,  2.154350e+09 
5000, 5000, 2  8.151856e+00,  3.683210e+09 
5000, 5000, 3  7.346030e+00,  4.087242e+09 
5000, 5000, 4  5.123211e+00,  5.860582e+09 
5000, 5000, 5  4.765007e+00,  6.301145e+09 
5000, 5000, 6  4.060701e+00,  7.394043e+09 
5000, 5000, 7  4.039843e+00,  7.432220e+09 
5000, 5000, 8  3.699799e+00,  8.115305e+09 
5000, 5000, 9  3.647154e+00,  8.232448e+09 
5000, 5000, 10  3.455864e+00,  8.688132e+09 
5000, 5000, 11  3.434608e+00,  8.741899e+09 
5000, 5000, 12  3.346864e+00,  8.971083e+09 
5000, 5000, 13  3.486121e+00,  8.612726e+09 
5000, 5000, 14  3.435000e+00,  8.740901e+09 
5000, 5000, 15  3.345041e+00,  8.975973e+09 
5000, 5000, 16  3.920986e+00,  7.657512e+09 
5000, 5000, 17  3.653088e+00,  8.219074e+09 
5000, 5000, 18  3.836115e+00,  7.826929e+09 
5000, 5000, 19  3.551639e+00,  8.453844e+09 
5000, 5000, 20  3.551296e+00,  8.454659e+09 
5000, 5000, 21  3.676837e+00,  8.165987e+09 
5000, 5000, 22  3.508435e+00,  8.557947e+09 
5000, 5000, 23  3.814895e+00,  7.870466e+09 
5000, 5000, 24  3.546494e+00,  8.466108e+09 
5000, 5000, 25  3.541217e+00,  8.478724e+09 
